query_id,n_relevant,dense-pooled_ndcg10,dense-pooled_recall10,dense-pooled_recall100,dense-pooled_judged10,dense-chunk_ndcg10,dense-chunk_recall10,dense-chunk_recall100,dense-chunk_judged10,cards-static_ndcg10,cards-static_recall10,cards-static_recall100,cards-static_judged10,cards-llm_ndcg10,cards-llm_recall10,cards-llm_recall100,cards-llm_judged10
1,1,0.386853,1.0,1.0,0.1,0.356207,1.0,1.0,0.1,1.0,1.0,1.0,0.1,0.315465,1.0,1.0,0.1
3,1,0.5,1.0,1.0,0.1,0.63093,1.0,1.0,0.1,0.5,1.0,1.0,0.1,0.430677,1.0,1.0,0.1
5,1,0.63093,1.0,1.0,0.1,0.63093,1.0,1.0,0.1,1.0,1.0,1.0,0.1,1.0,1.0,1.0,0.1
13,1,0.0,0.0,1.0,0.0,0.0,0.0,1.0,0.0,0.0,0.0,1.0,0.0,0.0,0.0,1.0,0.0
36,2,0.491149,1.0,1.0,0.2,0.402983,1.0,1.0,0.2,0.441307,1.0,1.0,0.2,0.491149,1.0,1.0,0.2
42,1,0.63093,1.0,1.0,0.1,0.63093,1.0,1.0,0.1,1.0,1.0,1.0,0.1,1.0,1.0,1.0,0.1
48,1,0.0,0.0,0.0,0.0,1.0,1.0,1.0,0.1,1.0,1.0,1.0,0.1,1.0,1.0,1.0,0.1
49,1,1.0,1.0,1.0,0.1,1.0,1.0,1.0,0.1,1.0,1.0,1.0,0.1,1.0,1.0,1.0,0.1
50,1,1.0,1.0,1.0,0.1,1.0,1.0,1.0,0.1,0.5,1.0,1.0,0.1,0.5,1.0,1.0,0.1
51,1,1.0,1.0,1.0,0.1,1.0,1.0,1.0,0.1,1.0,1.0,1.0,0.1,1.0,1.0,1.0,0.1
53,1,1.0,1.0,1.0,0.1,1.0,1.0,1.0,0.1,1.0,1.0,1.0,0.1,1.0,1.0,1.0,0.1
54,1,1.0,1.0,1.0,0.1,1.0,1.0,1.0,0.1,1.0,1.0,1.0,0.1,1.0,1.0,1.0,0.1
56,1,1.0,1.0,1.0,0.1,1.0,1.0,1.0,0.1,1.0,1.0,1.0,0.1,1.0,1.0,1.0,0.1
57,1,1.0,1.0,1.0,0.1,1.0,1.0,1.0,0.1,1.0,1.0,1.0,0.1,1.0,1.0,1.0,0.1
70,2,0.0,0.0,1.0,0.0,0.193426,0.5,1.0,0.1,0.0,0.0,1.0,0.0,0.0,0.0,1.0,0.0
72,1,1.0,1.0,1.0,0.1,1.0,1.0,1.0,0.1,0.63093,1.0,1.0,0.1,1.0,1.0,1.0,0.1
75,1,0.63093,1.0,1.0,0.1,1.0,1.0,1.0,0.1,0.430677,1.0,1.0,0.1,0.5,1.0,1.0,0.1
94,1,0.5,1.0,1.0,0.1,1.0,1.0,1.0,0.1,0.0,0.0,1.0,0.0,0.0,0.0,1.0,0.0
99,1,0.63093,1.0,1.0,0.1,0.63093,1.0,1.0,0.1,0.63093,1.0,1.0,0.1,1.0,1.0,1.0,0.1
100,1,0.5,1.0,1.0,0.1,0.63093,1.0,1.0,0.1,0.30103,1.0,1.0,0.1,0.0,0.0,1.0,0.0
113,1,1.0,1.0,1.0,0.1,1.0,1.0,1.0,0.1,1.0,1.0,1.0,0.1,1.0,1.0,1.0,0.1
115,1,1.0,1.0,1.0,0.1,1.0,1.0,1.0,0.1,1.0,1.0,1.0,0.1,1.0,1.0,1.0,0.1
118,1,0.63093,1.0,1.0,0.1,0.63093,1.0,1.0,0.1,0.63093,1.0,1.0,0.1,1.0,1.0,1.0,0.1
124,1,1.0,1.0,1.0,0.1,1.0,1.0,1.0,0.1,1.0,1.0,1.0,0.1,1.0,1.0,1.0,0.1
127,1,1.0,1.0,1.0,0.1,1.0,1.0,1.0,0.1,0.289065,1.0,1.0,0.1,0.0,0.0,1.0,0.0
128,1,0.0,0.0,1.0,0.0,0.0,0.0,0.0,0.0,0.0,0.0,1.0,0.0,0.0,0.0,1.0,0.0
129,1,1.0,1.0,1.0,0.1,1.0,1.0,1.0,0.1,1.0,1.0,1.0,0.1,1.0,1.0,1.0,0.1
130,1,1.0,1.0,1.0,0.1,1.0,1.0,1.0,0.1,1.0,1.0,1.0,0.1,1.0,1.0,1.0,0.1
132,1,0.0,0.0,0.0,0.0,0.0,0.0,0.0,0.0,0.0,0.0,0.0,0.0,0.0,0.0,0.0,0.0
133,5,0.639945,0.6,1.0,0.3,0.383566,0.4,1.0,0.2,0.504378,0.6,1.0,0.3,0.629552,0.6,1.0,0.3
137,1,1.0,1.0,1.0,0.1,1.0,1.0,1.0,0.1,1.0,1.0,1.0,0.1,1.0,1.0,1.0,0.1
141,2,0.919721,1.0,1.0,0.2,1.0,1.0,1.0,0.2,0.850345,1.0,1.0,0.2,0.919721,1.0,1.0,0.2
142,1,1.0,1.0,1.0,0.1,1.0,1.0,1.0,0.1,1.0,1.0,1.0,0.1,1.0,1.0,1.0,0.1
143,1,1.0,1.0,1.0,0.1,1.0,1.0,1.0,0.1,1.0,1.0,1.0,0.1,1.0,1.0,1.0,0.1
146,1,1.0,1.0,1.0,0.1,1.0,1.0,1.0,0.1,1.0,1.0,1.0,0.1,1.0,1.0,1.0,0.1
148,1,0.63093,1.0,1.0,0.1,0.63093,1.0,1.0,0.1,0.5,1.0,1.0,0.1,0.430677,1.0,1.0,0.1
163,1,1.0,1.0,1.0,0.1,0.63093,1.0,1.0,0.1,0.63093,1.0,1.0,0.1,0.63093,1.0,1.0,0.1
171,1,1.0,1.0,1.0,0.1,1.0,1.0,1.0,0.1,1.0,1.0,1.0,0.1,1.0,1.0,1.0,0.1
179,4,0.95583,1.0,1.0,0.4,0.922326,1.0,1.0,0.4,0.748676,1.0,1.0,0.4,0.76064,1.0,1.0,0.4
180,1,1.0,1.0,1.0,0.1,0.63093,1.0,1.0,0.1,1.0,1.0,1.0,0.1,1.0,1.0,1.0,0.1
183,1,1.0,1.0,1.0,0.1,0.430677,1.0,1.0,0.1,0.356207,1.0,1.0,0.1,0.5,1.0,1.0,0.1
185,1,1.0,1.0,1.0,0.1,0.356207,1.0,1.0,0.1,0.315465,1.0,1.0,0.1,1.0,1.0,1.0,0.1
198,1,0.0,0.0,1.0,0.0,0.0,0.0,1.0,0.0,0.0,0.0,0.0,0.0,1.0,1.0,1.0,0.1
208,1,0.5,1.0,1.0,0.1,1.0,1.0,1.0,0.1,1.0,1.0,1.0,0.1,0.5,1.0,1.0,0.1
212,1,0.356207,1.0,1.0,0.1,0.5,1.0,1.0,0.1,0.315465,1.0,1.0,0.1,0.386853,1.0,1.0,0.1
213,1,0.386853,1.0,1.0,0.1,0.356207,1.0,1.0,0.1,0.333333,1.0,1.0,0.1,0.333333,1.0,1.0,0.1
216,1,1.0,1.0,1.0,0.1,1.0,1.0,1.0,0.1,1.0,1.0,1.0,0.1,1.0,1.0,1.0,0.1
217,1,1.0,1.0,1.0,0.1,1.0,1.0,1.0,0.1,1.0,1.0,1.0,0.1,1.0,1.0,1.0,0.1
218,1,1.0,1.0,1.0,0.1,1.0,1.0,1.0,0.1,1.0,1.0,1.0,0.1,1.0,1.0,1.0,0.1
219,1,1.0,1.0,1.0,0.1,1.0,1.0,1.0,0.1,1.0,1.0,1.0,0.1,1.0,1.0,1.0,0.1
230,1,1.0,1.0,1.0,0.1,1.0,1.0,1.0,0.1,1.0,1.0,1.0,0.1,1.0,1.0,1.0,0.1
232,1,1.0,1.0,1.0,0.1,0.63093,1.0,1.0,0.1,1.0,1.0,1.0,0.1,0.63093,1.0,1.0,0.1
233,1,1.0,1.0,1.0,0.1,1.0,1.0,1.0,0.1,1.0,1.0,1.0,0.1,1.0,1.0,1.0,0.1
236,1,1.0,1.0,1.0,0.1,1.0,1.0,1.0,0.1,1.0,1.0,1.0,0.1,1.0,1.0,1.0,0.1
237,1,1.0,1.0,1.0,0.1,0.63093,1.0,1.0,0.1,1.0,1.0,1.0,0.1,0.5,1.0,1.0,0.1
238,1,0.63093,1.0,1.0,0.1,0.315465,1.0,1.0,0.1,0.430677,1.0,1.0,0.1,0.5,1.0,1.0,0.1
239,1,0.0,0.0,1.0,0.0,0.0,0.0,1.0,0.0,0.0,0.0,1.0,0.0,0.0,0.0,1.0,0.0
248,1,0.5,1.0,1.0,0.1,0.63093,1.0,1.0,0.1,1.0,1.0,1.0,0.1,0.430677,1.0,1.0,0.1
249,1,0.5,1.0,1.0,0.1,0.63093,1.0,1.0,0.1,1.0,1.0,1.0,0.1,0.5,1.0,1.0,0.1
261,2,0.204382,0.5,1.0,0.1,0.204382,0.5,1.0,0.1,0.218407,0.5,1.0,0.1,0.193426,0.5,1.0,0.1
268,1,1.0,1.0,1.0,0.1,0.333333,1.0,1.0,0.1,0.356207,1.0,1.0,0.1,0.386853,1.0,1.0,0.1
269,1,1.0,1.0,1.0,0.1,0.333333,1.0,1.0,0.1,0.356207,1.0,1.0,0.1,0.315465,1.0,1.0,0.1
274,1,1.0,1.0,1.0,0.1,1.0,1.0,1.0,0.1,1.0,1.0,1.0,0.1,1.0,1.0,1.0,0.1
275,3,0.679731,1.0,1.0,0.3,0.66535,1.0,1.0,0.3,0.765361,0.666667,1.0,0.2,0.431734,0.666667,1.0,0.2
279,1,1.0,1.0,1.0,0.1,1.0,1.0,1.0,0.1,1.0,1.0,1.0,0.1,1.0,1.0,1.0,0.1
294,1,0.0,0.0,1.0,0.0,0.0,0.0,1.0,0.0,0.0,0.0,1.0,0.0,0.0,0.0,1.0,0.0
295,1,0.5,1.0,1.0,0.1,1.0,1.0,1.0,0.1,1.0,1.0,1.0,0.1,0.430677,1.0,1.0,0.1
298,1,1.0,1.0,1.0,0.1,0.63093,1.0,1.0,0.1,1.0,1.0,1.0,0.1,0.63093,1.0,1.0,0.1
300,1,0.430677,1.0,1.0,0.1,0.63093,1.0,1.0,0.1,0.0,0.0,1.0,0.0,0.5,1.0,1.0,0.1
303,1,0.0,0.0,0.0,0.0,0.0,0.0,0.0,0.0,0.0,0.0,0.0,0.0,0.0,0.0,0.0,0.0
312,1,0.0,0.0,0.0,0.0,0.0,0.0,1.0,0.0,0.0,0.0,0.0,0.0,0.0,0.0,1.0,0.0
314,1,0.0,0.0,1.0,0.0,0.315465,1.0,1.0,0.1,0.0,0.0,1.0,0.0,0.315465,1.0,1.0,0.1
324,1,0.63093,1.0,1.0,0.1,0.63093,1.0,1.0,0.1,1.0,1.0,1.0,0.1,0.0,0.0,1.0,0.0
327,1,1.0,1.0,1.0,0.1,1.0,1.0,1.0,0.1,1.0,1.0,1.0,0.1,1.0,1.0,1.0,0.1
338,1,0.63093,1.0,1.0,0.1,1.0,1.0,1.0,0.1,1.0,1.0,1.0,0.1,0.63093,1.0,1.0,0.1
343,2,0.831555,1.0,1.0,0.2,0.877215,1.0,1.0,0.2,1.0,1.0,1.0,0.2,0.919721,1.0,1.0,0.2
350,1,1.0,1.0,1.0,0.1,1.0,1.0,1.0,0.1,1.0,1.0,1.0,0.1,1.0,1.0,1.0,0.1
354,1,1.0,1.0,1.0,0.1,1.0,1.0,1.0,0.1,1.0,1.0,1.0,0.1,1.0,1.0,1.0,0.1
362,1,1.0,1.0,1.0,0.1,1.0,1.0,1.0,0.1,0.63093,1.0,1.0,0.1,1.0,1.0,1.0,0.1
380,1,1.0,1.0,1.0,0.1,0.63093,1.0,1.0,0.1,0.5,1.0,1.0,0.1,0.5,1.0,1.0,0.1
384,1,0.0,0.0,1.0,0.0,0.289065,1.0,1.0,0.1,0.0,0.0,1.0,0.0,0.0,0.0,1.0,0.0
385,2,0.693426,1.0,1.0,0.2,0.693426,1.0,1.0,0.2,0.570642,1.0,1.0,0.2,0.693426,1.0,1.0,0.2
386,1,1.0,1.0,1.0,0.1,1.0,1.0,1.0,0.1,1.0,1.0,1.0,0.1,1.0,1.0,1.0,0.1
388,1,0.63093,1.0,1.0,0.1,1.0,1.0,1.0,0.1,0.63093,1.0,1.0,0.1,0.63093,1.0,1.0,0.1
399,1,1.0,1.0,1.0,0.1,1.0,1.0,1.0,0.1,1.0,1.0,1.0,0.1,1.0,1.0,1.0,0.1
410,1,1.0,1.0,1.0,0.1,1.0,1.0,1.0,0.1,1.0,1.0,1.0,0.1,1.0,1.0,1.0,0.1
411,1,1.0,1.0,1.0,0.1,1.0,1.0,1.0,0.1,1.0,1.0,1.0,0.1,1.0,1.0,1.0,0.1
415,1,0.0,0.0,1.0,0.0,0.386853,1.0,1.0,0.1,0.315465,1.0,1.0,0.1,0.0,0.0,1.0,0.0
421,1,0.0,0.0,0.0,0.0,0.0,0.0,0.0,0.0,0.0,0.0,0.0,0.0,0.0,0.0,0.0,0.0
431,1,0.0,0.0,1.0,0.0,0.356207,1.0,1.0,0.1,0.63093,1.0,1.0,0.1,0.63093,1.0,1.0,0.1
436,1,1.0,1.0,1.0,0.1,1.0,1.0,1.0,0.1,1.0,1.0,1.0,0.1,1.0,1.0,1.0,0.1
437,1,0.0,0.0,0.0,0.0,0.0,0.0,0.0,0.0,0.0,0.0,0.0,0.0,0.0,0.0,0.0,0.0
439,1,1.0,1.0,1.0,0.1,1.0,1.0,1.0,0.1,0.63093,1.0,1.0,0.1,1.0,1.0,1.0,0.1
440,1,1.0,1.0,1.0,0.1,1.0,1.0,1.0,0.1,1.0,1.0,1.0,0.1,1.0,1.0,1.0,0.1
443,1,1.0,1.0,1.0,0.1,1.0,1.0,1.0,0.1,1.0,1.0,1.0,0.1,1.0,1.0,1.0,0.1
452,2,0.177239,0.5,1.0,0.1,0.0,0.0,1.0,0.0,0.0,0.0,0.5,0.0,0.0,0.0,1.0,0.0
475,1,0.0,0.0,1.0,0.0,0.0,0.0,1.0,0.0,0.0,0.0,1.0,0.0,0.0,0.0,1.0,0.0
478,1,1.0,1.0,1.0,0.1,1.0,1.0,1.0,0.1,1.0,1.0,1.0,0.1,1.0,1.0,1.0,0.1
491,1,1.0,1.0,1.0,0.1,1.0,1.0,1.0,0.1,1.0,1.0,1.0,0.1,1.0,1.0,1.0,0.1
501,1,1.0,1.0,1.0,0.1,1.0,1.0,1.0,0.1,1.0,1.0,1.0,0.1,1.0,1.0,1.0,0.1
502,1,0.0,0.0,0.0,0.0,0.0,0.0,0.0,0.0,0.0,0.0,0.0,0.0,0.0,0.0,0.0,0.0
507,1,0.63093,1.0,1.0,0.1,0.63093,1.0,1.0,0.1,0.63093,1.0,1.0,0.1,0.63093,1.0,1.0,0.1
508,1,0.0,0.0,1.0,0.0,0.289065,1.0,1.0,0.1,0.0,0.0,1.0,0.0,0.0,0.0,1.0,0.0
513,1,0.63093,1.0,1.0,0.1,0.5,1.0,1.0,0.1,0.63093,1.0,1.0,0.1,0.63093,1.0,1.0,0.1
514,1,1.0,1.0,1.0,0.1,0.63093,1.0,1.0,0.1,1.0,1.0,1.0,0.1,1.0,1.0,1.0,0.1
516,1,1.0,1.0,1.0,0.1,0.63093,1.0,1.0,0.1,1.0,1.0,1.0,0.1,1.0,1.0,1.0,0.1
517,1,0.0,0.0,1.0,0.0,0.0,0.0,0.0,0.0,0.0,0.0,0.0,0.0,0.0,0.0,1.0,0.0
521,1,1.0,1.0,1.0,0.1,1.0,1.0,1.0,0.1,0.63093,1.0,1.0,0.1,0.63093,1.0,1.0,0.1
525,1,1.0,1.0,1.0,0.1,1.0,1.0,1.0,0.1,1.0,1.0,1.0,0.1,1.0,1.0,1.0,0.1
527,1,0.0,0.0,1.0,0.0,0.315465,1.0,1.0,0.1,0.0,0.0,1.0,0.0,0.333333,1.0,1.0,0.1
528,1,1.0,1.0,1.0,0.1,1.0,1.0,1.0,0.1,1.0,1.0,1.0,0.1,1.0,1.0,1.0,0.1
532,1,1.0,1.0,1.0,0.1,1.0,1.0,1.0,0.1,1.0,1.0,1.0,0.1,1.0,1.0,1.0,0.1
533,1,1.0,1.0,1.0,0.1,1.0,1.0,1.0,0.1,1.0,1.0,1.0,0.1,1.0,1.0,1.0,0.1
535,1,0.430677,1.0,1.0,0.1,1.0,1.0,1.0,0.1,0.63093,1.0,1.0,0.1,0.63093,1.0,1.0,0.1
536,1,1.0,1.0,1.0,0.1,1.0,1.0,1.0,0.1,1.0,1.0,1.0,0.1,1.0,1.0,1.0,0.1
539,1,1.0,1.0,1.0,0.1,1.0,1.0,1.0,0.1,1.0,1.0,1.0,0.1,1.0,1.0,1.0,0.1
540,2,0.264068,0.5,1.0,0.1,0.204382,0.5,1.0,0.1,0.218407,0.5,1.0,0.1,0.193426,0.5,1.0,0.1
544,1,0.0,0.0,1.0,0.0,0.289065,1.0,1.0,0.1,0.0,0.0,1.0,0.0,0.430677,1.0,1.0,0.1
549,1,1.0,1.0,1.0,0.1,1.0,1.0,1.0,0.1,1.0,1.0,1.0,0.1,1.0,1.0,1.0,0.1
551,1,0.63093,1.0,1.0,0.1,0.386853,1.0,1.0,0.1,0.63093,1.0,1.0,0.1,1.0,1.0,1.0,0.1
552,1,1.0,1.0,1.0,0.1,1.0,1.0,1.0,0.1,1.0,1.0,1.0,0.1,1.0,1.0,1.0,0.1
554,1,0.0,0.0,1.0,0.0,0.0,0.0,1.0,0.0,0.0,0.0,1.0,0.0,0.0,0.0,1.0,0.0
560,1,0.0,0.0,1.0,0.0,0.0,0.0,1.0,0.0,0.0,0.0,0.0,0.0,0.0,0.0,0.0,0.0
569,1,0.430677,1.0,1.0,0.1,0.430677,1.0,1.0,0.1,0.356207,1.0,1.0,0.1,0.315465,1.0,1.0,0.1
575,1,0.5,1.0,1.0,0.1,0.5,1.0,1.0,0.1,0.5,1.0,1.0,0.1,0.386853,1.0,1.0,0.1
577,1,0.315465,1.0,1.0,0.1,0.5,1.0,1.0,0.1,0.333333,1.0,1.0,0.1,0.430677,1.0,1.0,0.1
578,1,1.0,1.0,1.0,0.1,1.0,1.0,1.0,0.1,1.0,1.0,1.0,0.1,1.0,1.0,1.0,0.1
587,1,0.0,0.0,1.0,0.0,0.0,0.0,1.0,0.0,0.5,1.0,1.0,0.1,0.386853,1.0,1.0,0.1
589,1,1.0,1.0,1.0,0.1,1.0,1.0,1.0,0.1,1.0,1.0,1.0,0.1,1.0,1.0,1.0,0.1
593,1,1.0,1.0,1.0,0.1,1.0,1.0,1.0,0.1,1.0,1.0,1.0,0.1,1.0,1.0,1.0,0.1
597,3,0.792865,1.0,1.0,0.3,0.644784,1.0,1.0,0.3,0.433345,1.0,1.0,0.3,0.761357,1.0,1.0,0.3
598,1,0.333333,1.0,1.0,0.1,0.386853,1.0,1.0,0.1,0.333333,1.0,1.0,0.1,0.333333,1.0,1.0,0.1
613,1,1.0,1.0,1.0,0.1,1.0,1.0,1.0,0.1,1.0,1.0,1.0,0.1,1.0,1.0,1.0,0.1
619,2,0.0,0.0,0.5,0.0,0.0,0.0,1.0,0.0,0.0,0.0,0.0,0.0,0.0,0.0,0.5,0.0
623,1,0.0,0.0,1.0,0.0,0.0,0.0,1.0,0.0,0.0,0.0,1.0,0.0,0.0,0.0,1.0,0.0
628,1,0.430677,1.0,1.0,0.1,0.0,0.0,1.0,0.0,0.289065,1.0,1.0,0.1,0.5,1.0,1.0,0.1
636,1,1.0,1.0,1.0,0.1,1.0,1.0,1.0,0.1,1.0,1.0,1.0,0.1,1.0,1.0,1.0,0.1
637,1,0.430677,1.0,1.0,0.1,0.430677,1.0,1.0,0.1,0.430677,1.0,1.0,0.1,0.430677,1.0,1.0,0.1
641,2,0.831555,1.0,1.0,0.2,0.850345,1.0,1.0,0.2,0.831555,1.0,1.0,0.2,0.831555,1.0,1.0,0.2
644,1,0.0,0.0,1.0,0.0,0.0,0.0,1.0,0.0,0.0,0.0,1.0,0.0,0.0,0.0,1.0,0.0
649,1,1.0,1.0,1.0,0.1,1.0,1.0,1.0,0.1,1.0,1.0,1.0,0.1,1.0,1.0,1.0,0.1
659,1,0.430677,1.0,1.0,0.1,1.0,1.0,1.0,0.1,0.0,0.0,1.0,0.0,0.0,0.0,1.0,0.0
660,1,0.0,0.0,0.0,0.0,0.0,0.0,0.0,0.0,0.0,0.0,0.0,0.0,0.0,0.0,0.0,0.0
674,1,0.333333,1.0,1.0,0.1,1.0,1.0,1.0,0.1,1.0,1.0,1.0,0.1,1.0,1.0,1.0,0.1
684,1,1.0,1.0,1.0,0.1,0.63093,1.0,1.0,0.1,1.0,1.0,1.0,0.1,0.5,1.0,1.0,0.1
690,1,0.0,0.0,0.0,0.0,0.0,0.0,0.0,0.0,0.0,0.0,0.0,0.0,0.0,0.0,0.0,0.0
691,1,0.430677,1.0,1.0,0.1,0.5,1.0,1.0,0.1,0.289065,1.0,1.0,0.1,0.315465,1.0,1.0,0.1
692,1,1.0,1.0,1.0,0.1,1.0,1.0,1.0,0.1,1.0,1.0,1.0,0.1,1.0,1.0,1.0,0.1
693,1,1.0,1.0,1.0,0.1,1.0,1.0,1.0,0.1,1.0,1.0,1.0,0.1,1.0,1.0,1.0,0.1
700,1,0.63093,1.0,1.0,0.1,0.63093,1.0,1.0,0.1,0.63093,1.0,1.0,0.1,0.63093,1.0,1.0,0.1
702,1,0.63093,1.0,1.0,0.1,1.0,1.0,1.0,0.1,0.63093,1.0,1.0,0.1,0.63093,1.0,1.0,0.1
715,1,0.0,0.0,1.0,0.0,0.0,0.0,1.0,0.0,0.0,0.0,1.0,0.0,0.0,0.0,1.0,0.0
716,1,0.0,0.0,1.0,0.0,0.0,0.0,1.0,0.0,0.0,0.0,1.0,0.0,0.0,0.0,1.0,0.0
718,1,1.0,1.0,1.0,0.1,1.0,1.0,1.0,0.1,1.0,1.0,1.0,0.1,1.0,1.0,1.0,0.1
721,1,1.0,1.0,1.0,0.1,1.0,1.0,1.0,0.1,1.0,1.0,1.0,0.1,1.0,1.0,1.0,0.1
723,1,1.0,1.0,1.0,0.1,1.0,1.0,1.0,0.1,1.0,1.0,1.0,0.1,1.0,1.0,1.0,0.1
727,1,0.430677,1.0,1.0,0.1,0.5,1.0,1.0,0.1,0.5,1.0,1.0,0.1,1.0,1.0,1.0,0.1
728,2,0.650921,1.0,1.0,0.2,0.919721,1.0,1.0,0.2,0.693426,1.0,1.0,0.2,1.0,1.0,1.0,0.2
729,1,1.0,1.0,1.0,0.1,0.63093,1.0,1.0,0.1,1.0,1.0,1.0,0.1,0.5,1.0,1.0,0.1
742,1,0.30103,1.0,1.0,0.1,1.0,1.0,1.0,0.1,0.0,0.0,1.0,0.0,0.5,1.0,1.0,0.1
743,1,0.0,0.0,1.0,0.0,1.0,1.0,1.0,0.1,0.0,0.0,1.0,0.0,0.0,0.0,1.0,0.0
744,1,0.5,1.0,1.0,0.1,0.5,1.0,1.0,0.1,0.5,1.0,1.0,0.1,0.5,1.0,1.0,0.1
756,1,0.63093,1.0,1.0,0.1,0.63093,1.0,1.0,0.1,0.5,1.0,1.0,0.1,0.63093,1.0,1.0,0.1
759,1,1.0,1.0,1.0,0.1,1.0,1.0,1.0,0.1,1.0,1.0,1.0,0.1,1.0,1.0,1.0,0.1
768,1,0.0,0.0,1.0,0.0,0.63093,1.0,1.0,0.1,0.289065,1.0,1.0,0.1,0.0,0.0,0.0,0.0
770,1,1.0,1.0,1.0,0.1,1.0,1.0,1.0,0.1,1.0,1.0,1.0,0.1,1.0,1.0,1.0,0.1
775,1,0.0,0.0,1.0,0.0,0.0,0.0,1.0,0.0,0.0,0.0,1.0,0.0,0.0,0.0,1.0,0.0
781,1,0.63093,1.0,1.0,0.1,1.0,1.0,1.0,0.1,0.63093,1.0,1.0,0.1,1.0,1.0,1.0,0.1
783,1,0.386853,1.0,1.0,0.1,0.289065,1.0,1.0,0.1,0.289065,1.0,1.0,0.1,0.30103,1.0,1.0,0.1
784,1,0.63093,1.0,1.0,0.1,1.0,1.0,1.0,0.1,0.5,1.0,1.0,0.1,0.63093,1.0,1.0,0.1
785,1,0.0,0.0,0.0,0.0,0.63093,1.0,1.0,0.1,0.63093,1.0,1.0,0.1,0.386853,1.0,1.0,0.1
793,1,1.0,1.0,1.0,0.1,1.0,1.0,1.0,0.1,1.0,1.0,1.0,0.1,0.63093,1.0,1.0,0.1
800,1,0.63093,1.0,1.0,0.1,0.333333,1.0,1.0,0.1,0.430677,1.0,1.0,0.1,0.356207,1.0,1.0,0.1
805,1,1.0,1.0,1.0,0.1,1.0,1.0,1.0,0.1,1.0,1.0,1.0,0.1,1.0,1.0,1.0,0.1
808,1,1.0,1.0,1.0,0.1,1.0,1.0,1.0,0.1,1.0,1.0,1.0,0.1,1.0,1.0,1.0,0.1
811,1,1.0,1.0,1.0,0.1,1.0,1.0,1.0,0.1,1.0,1.0,1.0,0.1,1.0,1.0,1.0,0.1
814,1,1.0,1.0,1.0,0.1,1.0,1.0,1.0,0.1,1.0,1.0,1.0,0.1,1.0,1.0,1.0,0.1
820,1,0.0,0.0,0.0,0.0,0.0,0.0,0.0,0.0,0.0,0.0,0.0,0.0,0.0,0.0,0.0,0.0
821,1,0.0,0.0,0.0,0.0,0.0,0.0,0.0,0.0,0.0,0.0,0.0,0.0,0.0,0.0,0.0,0.0
823,1,1.0,1.0,1.0,0.1,1.0,1.0,1.0,0.1,1.0,1.0,1.0,0.1,1.0,1.0,1.0,0.1
830,1,0.0,0.0,1.0,0.0,0.0,0.0,1.0,0.0,0.30103,1.0,1.0,0.1,0.0,0.0,1.0,0.0
831,1,0.0,0.0,0.0,0.0,0.0,0.0,1.0,0.0,0.0,0.0,1.0,0.0,0.0,0.0,0.0,0.0
832,1,1.0,1.0,1.0,0.1,1.0,1.0,1.0,0.1,1.0,1.0,1.0,0.1,1.0,1.0,1.0,0.1
834,1,0.0,0.0,0.0,0.0,0.289065,1.0,1.0,0.1,0.0,0.0,0.0,0.0,0.0,0.0,0.0,0.0
837,1,0.63093,1.0,1.0,0.1,1.0,1.0,1.0,0.1,0.63093,1.0,1.0,0.1,1.0,1.0,1.0,0.1
839,1,0.5,1.0,1.0,0.1,1.0,1.0,1.0,0.1,0.386853,1.0,1.0,0.1,1.0,1.0,1.0,0.1
845,1,0.430677,1.0,1.0,0.1,0.333333,1.0,1.0,0.1,0.333333,1.0,1.0,0.1,0.356207,1.0,1.0,0.1
847,1,1.0,1.0,1.0,0.1,1.0,1.0,1.0,0.1,1.0,1.0,1.0,0.1,1.0,1.0,1.0,0.1
852,1,0.63093,1.0,1.0,0.1,1.0,1.0,1.0,0.1,0.63093,1.0,1.0,0.1,0.386853,1.0,1.0,0.1
859,1,0.430677,1.0,1.0,0.1,0.63093,1.0,1.0,0.1,1.0,1.0,1.0,0.1,0.333333,1.0,1.0,0.1
870,1,0.0,0.0,1.0,0.0,0.0,0.0,1.0,0.0,0.0,0.0,1.0,0.0,0.0,0.0,1.0,0.0
873,5,0.267619,0.4,1.0,0.2,0.300785,0.4,0.8,0.2,0.434033,0.6,1.0,0.3,0.32704,0.4,1.0,0.2
879,1,1.0,1.0,1.0,0.1,1.0,1.0,1.0,0.1,1.0,1.0,1.0,0.1,1.0,1.0,1.0,0.1
880,1,0.63093,1.0,1.0,0.1,0.386853,1.0,1.0,0.1,1.0,1.0,1.0,0.1,0.63093,1.0,1.0,0.1
882,1,1.0,1.0,1.0,0.1,1.0,1.0,1.0,0.1,1.0,1.0,1.0,0.1,1.0,1.0,1.0,0.1
887,1,0.0,0.0,1.0,0.0,0.0,0.0,1.0,0.0,0.0,0.0,1.0,0.0,0.0,0.0,1.0,0.0
903,1,1.0,1.0,1.0,0.1,1.0,1.0,1.0,0.1,1.0,1.0,1.0,0.1,1.0,1.0,1.0,0.1
904,1,1.0,1.0,1.0,0.1,1.0,1.0,1.0,0.1,1.0,1.0,1.0,0.1,1.0,1.0,1.0,0.1
907,1,1.0,1.0,1.0,0.1,1.0,1.0,1.0,0.1,1.0,1.0,1.0,0.1,1.0,1.0,1.0,0.1
911,1,1.0,1.0,1.0,0.1,1.0,1.0,1.0,0.1,1.0,1.0,1.0,0.1,1.0,1.0,1.0,0.1
913,1,0.315465,1.0,1.0,0.1,0.430677,1.0,1.0,0.1,0.386853,1.0,1.0,0.1,0.289065,1.0,1.0,0.1
914,1,0.430677,1.0,1.0,0.1,0.63093,1.0,1.0,0.1,0.5,1.0,1.0,0.1,0.30103,1.0,1.0,0.1
921,1,1.0,1.0,1.0,0.1,1.0,1.0,1.0,0.1,1.0,1.0,1.0,0.1,1.0,1.0,1.0,0.1
922,1,1.0,1.0,1.0,0.1,1.0,1.0,1.0,0.1,1.0,1.0,1.0,0.1,1.0,1.0,1.0,0.1
936,1,1.0,1.0,1.0,0.1,1.0,1.0,1.0,0.1,0.0,0.0,1.0,0.0,0.0,0.0,1.0,0.0
956,1,1.0,1.0,1.0,0.1,0.63093,1.0,1.0,0.1,0.63093,1.0,1.0,0.1,1.0,1.0,1.0,0.1
957,1,0.5,1.0,1.0,0.1,1.0,1.0,1.0,0.1,1.0,1.0,1.0,0.1,0.430677,1.0,1.0,0.1
960,1,1.0,1.0,1.0,0.1,1.0,1.0,1.0,0.1,1.0,1.0,1.0,0.1,1.0,1.0,1.0,0.1
967,2,1.0,1.0,1.0,0.2,0.850345,1.0,1.0,0.2,0.919721,1.0,1.0,0.2,1.0,1.0,1.0,0.2
971,4,0.731568,1.0,1.0,0.4,0.876849,1.0,1.0,0.4,0.76064,1.0,1.0,0.4,0.722639,1.0,1.0,0.4
975,1,0.0,0.0,0.0,0.0,0.0,0.0,0.0,0.0,0.0,0.0,1.0,0.0,0.0,0.0,0.0,0.0
982,1,1.0,1.0,1.0,0.1,1.0,1.0,1.0,0.1,1.0,1.0,1.0,0.1,1.0,1.0,1.0,0.1
985,1,1.0,1.0,1.0,0.1,1.0,1.0,1.0,0.1,1.0,1.0,1.0,0.1,0.63093,1.0,1.0,0.1
993,1,0.63093,1.0,1.0,0.1,0.5,1.0,1.0,0.1,0.430677,1.0,1.0,0.1,0.63093,1.0,1.0,0.1
1012,1,1.0,1.0,1.0,0.1,1.0,1.0,1.0,0.1,1.0,1.0,1.0,0.1,1.0,1.0,1.0,0.1
1014,1,1.0,1.0,1.0,0.1,1.0,1.0,1.0,0.1,1.0,1.0,1.0,0.1,1.0,1.0,1.0,0.1
1019,1,0.430677,1.0,1.0,0.1,0.5,1.0,1.0,0.1,0.0,0.0,1.0,0.0,0.0,0.0,1.0,0.0
1020,1,0.63093,1.0,1.0,0.1,1.0,1.0,1.0,0.1,0.63093,1.0,1.0,0.1,1.0,1.0,1.0,0.1
1021,1,0.63093,1.0,1.0,0.1,1.0,1.0,1.0,0.1,0.63093,1.0,1.0,0.1,1.0,1.0,1.0,0.1
1024,1,0.0,0.0,1.0,0.0,0.30103,1.0,1.0,0.1,0.0,0.0,1.0,0.0,0.0,0.0,1.0,0.0
1029,3,0.967468,1.0,1.0,0.3,0.921787,1.0,1.0,0.3,0.807247,1.0,1.0,0.3,0.967468,1.0,1.0,0.3
1041,2,0.0,0.0,1.0,0.0,0.184576,0.5,1.0,0.1,0.0,0.0,1.0,0.0,0.0,0.0,1.0,0.0
1049,1,0.0,0.0,1.0,0.0,0.0,0.0,1.0,0.0,0.0,0.0,1.0,0.0,0.0,0.0,1.0,0.0
1062,1,0.63093,1.0,1.0,0.1,1.0,1.0,1.0,0.1,0.63093,1.0,1.0,0.1,1.0,1.0,1.0,0.1
1086,1,1.0,1.0,1.0,0.1,1.0,1.0,1.0,0.1,1.0,1.0,1.0,0.1,1.0,1.0,1.0,0.1
1088,1,1.0,1.0,1.0,0.1,1.0,1.0,1.0,0.1,1.0,1.0,1.0,0.1,1.0,1.0,1.0,0.1
1089,1,1.0,1.0,1.0,0.1,1.0,1.0,1.0,0.1,1.0,1.0,1.0,0.1,1.0,1.0,1.0,0.1
1099,1,0.5,1.0,1.0,0.1,0.0,0.0,1.0,0.0,0.289065,1.0,1.0,0.1,0.315465,1.0,1.0,0.1
1100,1,0.430677,1.0,1.0,0.1,0.0,0.0,1.0,0.0,0.30103,1.0,1.0,0.1,0.315465,1.0,1.0,0.1
1104,1,1.0,1.0,1.0,0.1,1.0,1.0,1.0,0.1,1.0,1.0,1.0,0.1,1.0,1.0,1.0,0.1
1107,1,0.5,1.0,1.0,0.1,0.430677,1.0,1.0,0.1,0.5,1.0,1.0,0.1,1.0,1.0,1.0,0.1
1110,1,0.0,0.0,0.0,0.0,0.0,0.0,1.0,0.0,0.0,0.0,0.0,0.0,0.0,0.0,0.0,0.0
1121,1,1.0,1.0,1.0,0.1,0.63093,1.0,1.0,0.1,1.0,1.0,1.0,0.1,1.0,1.0,1.0,0.1
1130,1,1.0,1.0,1.0,0.1,0.63093,1.0,1.0,0.1,1.0,1.0,1.0,0.1,1.0,1.0,1.0,0.1
1132,2,0.237198,0.5,1.0,0.1,0.237198,0.5,0.5,0.1,0.613147,0.5,0.5,0.1,0.306574,0.5,0.5,0.1
1137,1,1.0,1.0,1.0,0.1,1.0,1.0,1.0,0.1,1.0,1.0,1.0,0.1,1.0,1.0,1.0,0.1
1140,1,1.0,1.0,1.0,0.1,0.63093,1.0,1.0,0.1,1.0,1.0,1.0,0.1,0.5,1.0,1.0,0.1
1144,1,1.0,1.0,1.0,0.1,1.0,1.0,1.0,0.1,1.0,1.0,1.0,0.1,1.0,1.0,1.0,0.1
1146,1,1.0,1.0,1.0,0.1,1.0,1.0,1.0,0.1,1.0,1.0,1.0,0.1,1.0,1.0,1.0,0.1
1150,1,1.0,1.0,1.0,0.1,0.63093,1.0,1.0,0.1,1.0,1.0,1.0,0.1,1.0,1.0,1.0,0.1
1163,1,1.0,1.0,1.0,0.1,1.0,1.0,1.0,0.1,1.0,1.0,1.0,0.1,1.0,1.0,1.0,0.1
1175,1,0.0,0.0,0.0,0.0,0.0,0.0,0.0,0.0,0.0,0.0,0.0,0.0,0.0,0.0,0.0,0.0
1179,1,0.0,0.0,0.0,0.0,0.0,0.0,0.0,0.0,0.0,0.0,0.0,0.0,0.0,0.0,1.0,0.0
1180,1,0.0,0.0,1.0,0.0,0.333333,1.0,1.0,0.1,0.0,0.0,1.0,0.0,1.0,1.0,1.0,0.1
1185,1,0.5,1.0,1.0,0.1,0.63093,1.0,1.0,0.1,1.0,1.0,1.0,0.1,1.0,1.0,1.0,0.1
1187,1,0.63093,1.0,1.0,0.1,1.0,1.0,1.0,0.1,1.0,1.0,1.0,0.1,0.63093,1.0,1.0,0.1
1191,1,0.63093,1.0,1.0,0.1,0.0,0.0,1.0,0.0,0.0,0.0,1.0,0.0,0.0,0.0,1.0,0.0
1194,1,1.0,1.0,1.0,0.1,0.63093,1.0,1.0,0.1,1.0,1.0,1.0,0.1,1.0,1.0,1.0,0.1
1196,1,0.386853,1.0,1.0,0.1,0.430677,1.0,1.0,0.1,0.430677,1.0,1.0,0.1,0.430677,1.0,1.0,0.1
1197,1,0.386853,1.0,1.0,0.1,0.430677,1.0,1.0,0.1,0.430677,1.0,1.0,0.1,0.430677,1.0,1.0,0.1
1199,1,0.0,0.0,0.0,0.0,0.0,0.0,0.0,0.0,0.0,0.0,0.0,0.0,0.0,0.0,0.0,0.0
1200,1,0.0,0.0,0.0,0.0,0.30103,1.0,1.0,0.1,0.0,0.0,1.0,0.0,0.0,0.0,1.0,0.0
1202,1,0.63093,1.0,1.0,0.1,1.0,1.0,1.0,0.1,0.63093,1.0,1.0,0.1,0.63093,1.0,1.0,0.1
1204,1,1.0,1.0,1.0,0.1,1.0,1.0,1.0,0.1,1.0,1.0,1.0,0.1,0.63093,1.0,1.0,0.1
1207,1,1.0,1.0,1.0,0.1,1.0,1.0,1.0,0.1,1.0,1.0,1.0,0.1,1.0,1.0,1.0,0.1
1213,1,0.0,0.0,1.0,0.0,0.0,0.0,1.0,0.0,0.0,0.0,0.0,0.0,0.0,0.0,0.0,0.0
1216,1,1.0,1.0,1.0,0.1,1.0,1.0,1.0,0.1,1.0,1.0,1.0,0.1,1.0,1.0,1.0,0.1
1221,1,0.315465,1.0,1.0,0.1,0.0,0.0,1.0,0.0,0.0,0.0,1.0,0.0,0.0,0.0,1.0,0.0
1225,1,1.0,1.0,1.0,0.1,0.315465,1.0,1.0,0.1,0.386853,1.0,1.0,0.1,0.63093,1.0,1.0,0.1
1226,1,0.0,0.0,0.0,0.0,0.0,0.0,0.0,0.0,0.0,0.0,0.0,0.0,0.0,0.0,0.0,0.0
1232,1,1.0,1.0,1.0,0.1,1.0,1.0,1.0,0.1,1.0,1.0,1.0,0.1,1.0,1.0,1.0,0.1
1241,1,1.0,1.0,1.0,0.1,1.0,1.0,1.0,0.1,0.5,1.0,1.0,0.1,1.0,1.0,1.0,0.1
1245,1,0.30103,1.0,1.0,0.1,1.0,1.0,1.0,0.1,0.63093,1.0,1.0,0.1,0.0,0.0,1.0,0.0
1259,1,0.63093,1.0,1.0,0.1,0.5,1.0,1.0,0.1,0.63093,1.0,1.0,0.1,0.63093,1.0,1.0,0.1
1262,1,1.0,1.0,1.0,0.1,1.0,1.0,1.0,0.1,1.0,1.0,1.0,0.1,1.0,1.0,1.0,0.1
1266,1,0.386853,1.0,1.0,0.1,1.0,1.0,1.0,0.1,1.0,1.0,1.0,0.1,0.315465,1.0,1.0,0.1
1270,1,1.0,1.0,1.0,0.1,1.0,1.0,1.0,0.1,1.0,1.0,1.0,0.1,1.0,1.0,1.0,0.1
1271,1,1.0,1.0,1.0,0.1,1.0,1.0,1.0,0.1,1.0,1.0,1.0,0.1,1.0,1.0,1.0,0.1
1272,1,0.0,0.0,1.0,0.0,0.63093,1.0,1.0,0.1,0.0,0.0,1.0,0.0,0.0,0.0,0.0,0.0
1273,1,1.0,1.0,1.0,0.1,1.0,1.0,1.0,0.1,1.0,1.0,1.0,0.1,1.0,1.0,1.0,0.1
1274,3,0.946902,1.0,1.0,0.3,0.932521,1.0,1.0,0.3,0.871079,1.0,1.0,0.3,0.852928,1.0,1.0,0.3
1278,1,1.0,1.0,1.0,0.1,1.0,1.0,1.0,0.1,1.0,1.0,1.0,0.1,1.0,1.0,1.0,0.1
1279,1,1.0,1.0,1.0,0.1,1.0,1.0,1.0,0.1,1.0,1.0,1.0,0.1,1.0,1.0,1.0,0.1
1280,1,0.0,0.0,1.0,0.0,0.0,0.0,1.0,0.0,0.0,0.0,1.0,0.0,0.386853,1.0,1.0,0.1
1281,1,0.315465,1.0,1.0,0.1,0.315465,1.0,1.0,0.1,0.315465,1.0,1.0,0.1,0.333333,1.0,1.0,0.1
1282,1,1.0,1.0,1.0,0.1,1.0,1.0,1.0,0.1,1.0,1.0,1.0,0.1,1.0,1.0,1.0,0.1
1290,1,1.0,1.0,1.0,0.1,1.0,1.0,1.0,0.1,1.0,1.0,1.0,0.1,1.0,1.0,1.0,0.1
1292,1,1.0,1.0,1.0,0.1,1.0,1.0,1.0,0.1,0.315465,1.0,1.0,0.1,0.30103,1.0,1.0,0.1
1298,1,1.0,1.0,1.0,0.1,1.0,1.0,1.0,0.1,1.0,1.0,1.0,0.1,1.0,1.0,1.0,0.1
1303,1,1.0,1.0,1.0,0.1,0.386853,1.0,1.0,0.1,0.386853,1.0,1.0,0.1,0.356207,1.0,1.0,0.1
1316,1,0.0,0.0,1.0,0.0,0.0,0.0,1.0,0.0,0.0,0.0,1.0,0.0,0.0,0.0,1.0,0.0
1319,1,1.0,1.0,1.0,0.1,1.0,1.0,1.0,0.1,1.0,1.0,1.0,0.1,1.0,1.0,1.0,0.1
1320,1,1.0,1.0,1.0,0.1,1.0,1.0,1.0,0.1,1.0,1.0,1.0,0.1,1.0,1.0,1.0,0.1
1332,1,0.0,0.0,0.0,0.0,0.0,0.0,0.0,0.0,0.0,0.0,0.0,0.0,0.0,0.0,0.0,0.0
1335,1,1.0,1.0,1.0,0.1,0.5,1.0,1.0,0.1,1.0,1.0,1.0,0.1,1.0,1.0,1.0,0.1
1336,1,1.0,1.0,1.0,0.1,0.5,1.0,1.0,0.1,1.0,1.0,1.0,0.1,1.0,1.0,1.0,0.1
1337,1,0.289065,1.0,1.0,0.1,0.5,1.0,1.0,0.1,0.0,0.0,1.0,0.0,0.0,0.0,1.0,0.0
1339,1,1.0,1.0,1.0,0.1,1.0,1.0,1.0,0.1,1.0,1.0,1.0,0.1,1.0,1.0,1.0,0.1
1344,1,0.63093,1.0,1.0,0.1,0.63093,1.0,1.0,0.1,0.63093,1.0,1.0,0.1,0.63093,1.0,1.0,0.1
1352,1,1.0,1.0,1.0,0.1,1.0,1.0,1.0,0.1,1.0,1.0,1.0,0.1,1.0,1.0,1.0,0.1
1359,1,1.0,1.0,1.0,0.1,1.0,1.0,1.0,0.1,1.0,1.0,1.0,0.1,1.0,1.0,1.0,0.1
1362,1,0.0,0.0,1.0,0.0,0.0,0.0,0.0,0.0,0.0,0.0,1.0,0.0,0.0,0.0,1.0,0.0
1363,1,0.0,0.0,1.0,0.0,0.0,0.0,0.0,0.0,0.0,0.0,1.0,0.0,0.0,0.0,1.0,0.0
1368,1,0.0,0.0,1.0,0.0,0.386853,1.0,1.0,0.1,1.0,1.0,1.0,0.1,0.0,0.0,1.0,0.0
1370,1,0.5,1.0,1.0,0.1,1.0,1.0,1.0,0.1,1.0,1.0,1.0,0.1,0.30103,1.0,1.0,0.1
1379,4,0.95583,1.0,1.0,0.4,0.927961,1.0,1.0,0.4,0.875646,1.0,1.0,0.4,0.76064,1.0,1.0,0.4
1382,1,1.0,1.0,1.0,0.1,1.0,1.0,1.0,0.1,1.0,1.0,1.0,0.1,0.430677,1.0,1.0,0.1
1385,1,0.63093,1.0,1.0,0.1,0.63093,1.0,1.0,0.1,0.5,1.0,1.0,0.1,0.430677,1.0,1.0,0.1
1389,1,1.0,1.0,1.0,0.1,1.0,1.0,1.0,0.1,1.0,1.0,1.0,0.1,1.0,1.0,1.0,0.1
1395,1,0.5,1.0,1.0,0.1,1.0,1.0,1.0,0.1,0.5,1.0,1.0,0.1,0.430677,1.0,1.0,0.1
