query_id,n_relevant,bm25_ndcg10,bm25_recall10,bm25_recall100,bm25_success10,bm25_judged10,dense-pooled_ndcg10,dense-pooled_recall10,dense-pooled_recall100,dense-pooled_success10,dense-pooled_judged10,dense-chunk_ndcg10,dense-chunk_recall10,dense-chunk_recall100,dense-chunk_success10,dense-chunk_judged10,dense-multicard-extractive_ndcg10,dense-multicard-extractive_recall10,dense-multicard-extractive_recall100,dense-multicard-extractive_success10,dense-multicard-extractive_judged10,dense-multicard-template_ndcg10,dense-multicard-template_recall10,dense-multicard-template_recall100,dense-multicard-template_success10,dense-multicard-template_judged10,dense-multicard-lossy_ndcg10,dense-multicard-lossy_recall10,dense-multicard-lossy_recall100,dense-multicard-lossy_success10,dense-multicard-lossy_judged10,hybrid-rrf_ndcg10,hybrid-rrf_recall10,hybrid-rrf_recall100,hybrid-rrf_success10,hybrid-rrf_judged10
1,1,0.0,0.0,0.0,0.0,0.0,0.386853,1.0,1.0,1.0,0.1,0.430677,1.0,1.0,1.0,0.1,1.0,1.0,1.0,1.0,0.1,0.63093,1.0,1.0,1.0,0.1,0.0,0.0,0.0,0.0,0.0,0.0,0.0,1.0,0.0,0.0
3,1,1.0,1.0,1.0,1.0,0.1,0.5,1.0,1.0,1.0,0.1,0.63093,1.0,1.0,1.0,0.1,0.5,1.0,1.0,1.0,0.1,0.5,1.0,1.0,1.0,0.1,0.63093,1.0,1.0,1.0,0.1,1.0,1.0,1.0,1.0,0.1
5,1,1.0,1.0,1.0,1.0,0.1,0.63093,1.0,1.0,1.0,0.1,0.430677,1.0,1.0,1.0,0.1,1.0,1.0,1.0,1.0,0.1,1.0,1.0,1.0,1.0,0.1,1.0,1.0,1.0,1.0,0.1,1.0,1.0,1.0,1.0,0.1
13,1,0.0,0.0,0.0,0.0,0.0,0.0,0.0,1.0,0.0,0.0,0.0,0.0,1.0,0.0,0.0,0.0,0.0,1.0,0.0,0.0,0.0,0.0,1.0,0.0,0.0,0.0,0.0,1.0,0.0,0.0,0.0,0.0,0.0,0.0,0.0
36,2,0.218407,0.5,1.0,1.0,0.1,0.491149,1.0,1.0,1.0,0.2,0.580279,1.0,1.0,1.0,0.2,0.441307,1.0,1.0,1.0,0.2,0.448644,1.0,1.0,1.0,0.2,0.510956,1.0,1.0,1.0,0.2,0.237198,0.5,1.0,1.0,0.1
42,1,0.63093,1.0,1.0,1.0,0.1,0.63093,1.0,1.0,1.0,0.1,0.63093,1.0,1.0,1.0,0.1,1.0,1.0,1.0,1.0,0.1,1.0,1.0,1.0,1.0,0.1,1.0,1.0,1.0,1.0,0.1,1.0,1.0,1.0,1.0,0.1
48,1,0.63093,1.0,1.0,1.0,0.1,0.0,0.0,0.0,0.0,0.0,0.63093,1.0,1.0,1.0,0.1,1.0,1.0,1.0,1.0,0.1,1.0,1.0,1.0,1.0,0.1,0.0,0.0,0.0,0.0,0.0,1.0,1.0,1.0,1.0,0.1
49,1,1.0,1.0,1.0,1.0,0.1,1.0,1.0,1.0,1.0,0.1,1.0,1.0,1.0,1.0,0.1,1.0,1.0,1.0,1.0,0.1,1.0,1.0,1.0,1.0,0.1,1.0,1.0,1.0,1.0,0.1,1.0,1.0,1.0,1.0,0.1
50,1,1.0,1.0,1.0,1.0,0.1,1.0,1.0,1.0,1.0,0.1,1.0,1.0,1.0,1.0,0.1,0.5,1.0,1.0,1.0,0.1,0.5,1.0,1.0,1.0,0.1,0.63093,1.0,1.0,1.0,0.1,1.0,1.0,1.0,1.0,0.1
51,1,1.0,1.0,1.0,1.0,0.1,1.0,1.0,1.0,1.0,0.1,1.0,1.0,1.0,1.0,0.1,1.0,1.0,1.0,1.0,0.1,1.0,1.0,1.0,1.0,0.1,1.0,1.0,1.0,1.0,0.1,1.0,1.0,1.0,1.0,0.1
53,1,1.0,1.0,1.0,1.0,0.1,1.0,1.0,1.0,1.0,0.1,1.0,1.0,1.0,1.0,0.1,1.0,1.0,1.0,1.0,0.1,1.0,1.0,1.0,1.0,0.1,1.0,1.0,1.0,1.0,0.1,1.0,1.0,1.0,1.0,0.1
54,1,0.333333,1.0,1.0,1.0,0.1,1.0,1.0,1.0,1.0,0.1,1.0,1.0,1.0,1.0,0.1,1.0,1.0,1.0,1.0,0.1,1.0,1.0,1.0,1.0,0.1,1.0,1.0,1.0,1.0,0.1,0.63093,1.0,1.0,1.0,0.1
56,1,1.0,1.0,1.0,1.0,0.1,1.0,1.0,1.0,1.0,0.1,1.0,1.0,1.0,1.0,0.1,1.0,1.0,1.0,1.0,0.1,1.0,1.0,1.0,1.0,0.1,0.63093,1.0,1.0,1.0,0.1,1.0,1.0,1.0,1.0,0.1
57,1,1.0,1.0,1.0,1.0,0.1,1.0,1.0,1.0,1.0,0.1,1.0,1.0,1.0,1.0,0.1,1.0,1.0,1.0,1.0,0.1,1.0,1.0,1.0,1.0,0.1,0.63093,1.0,1.0,1.0,0.1,1.0,1.0,1.0,1.0,0.1
70,2,1.0,1.0,1.0,1.0,0.2,0.0,0.0,1.0,0.0,0.0,0.306574,0.5,1.0,1.0,0.1,0.0,0.0,1.0,0.0,0.0,0.0,0.0,1.0,0.0,0.0,0.0,0.0,0.5,0.0,0.0,0.650921,1.0,1.0,1.0,0.2
72,1,0.0,0.0,1.0,0.0,0.0,1.0,1.0,1.0,1.0,0.1,1.0,1.0,1.0,1.0,0.1,0.63093,1.0,1.0,1.0,0.1,0.63093,1.0,1.0,1.0,0.1,1.0,1.0,1.0,1.0,0.1,1.0,1.0,1.0,1.0,0.1
75,1,1.0,1.0,1.0,1.0,0.1,0.63093,1.0,1.0,1.0,0.1,0.5,1.0,1.0,1.0,0.1,0.430677,1.0,1.0,1.0,0.1,0.386853,1.0,1.0,1.0,0.1,0.430677,1.0,1.0,1.0,0.1,0.63093,1.0,1.0,1.0,0.1
94,1,1.0,1.0,1.0,1.0,0.1,0.5,1.0,1.0,1.0,0.1,1.0,1.0,1.0,1.0,0.1,0.0,0.0,1.0,0.0,0.0,0.289065,1.0,1.0,1.0,0.1,0.63093,1.0,1.0,1.0,0.1,1.0,1.0,1.0,1.0,0.1
99,1,1.0,1.0,1.0,1.0,0.1,0.63093,1.0,1.0,1.0,0.1,1.0,1.0,1.0,1.0,0.1,0.63093,1.0,1.0,1.0,0.1,0.63093,1.0,1.0,1.0,0.1,1.0,1.0,1.0,1.0,0.1,1.0,1.0,1.0,1.0,0.1
100,1,1.0,1.0,1.0,1.0,0.1,0.5,1.0,1.0,1.0,0.1,0.63093,1.0,1.0,1.0,0.1,0.30103,1.0,1.0,1.0,0.1,0.30103,1.0,1.0,1.0,0.1,0.0,0.0,1.0,0.0,0.0,1.0,1.0,1.0,1.0,0.1
113,1,1.0,1.0,1.0,1.0,0.1,1.0,1.0,1.0,1.0,0.1,1.0,1.0,1.0,1.0,0.1,1.0,1.0,1.0,1.0,0.1,1.0,1.0,1.0,1.0,0.1,0.63093,1.0,1.0,1.0,0.1,1.0,1.0,1.0,1.0,0.1
115,1,1.0,1.0,1.0,1.0,0.1,1.0,1.0,1.0,1.0,0.1,1.0,1.0,1.0,1.0,0.1,1.0,1.0,1.0,1.0,0.1,1.0,1.0,1.0,1.0,0.1,1.0,1.0,1.0,1.0,0.1,1.0,1.0,1.0,1.0,0.1
118,1,1.0,1.0,1.0,1.0,0.1,0.63093,1.0,1.0,1.0,0.1,1.0,1.0,1.0,1.0,0.1,0.63093,1.0,1.0,1.0,0.1,0.63093,1.0,1.0,1.0,0.1,0.5,1.0,1.0,1.0,0.1,0.63093,1.0,1.0,1.0,0.1
124,1,1.0,1.0,1.0,1.0,0.1,1.0,1.0,1.0,1.0,0.1,1.0,1.0,1.0,1.0,0.1,1.0,1.0,1.0,1.0,0.1,1.0,1.0,1.0,1.0,0.1,0.0,0.0,0.0,0.0,0.0,1.0,1.0,1.0,1.0,0.1
127,1,0.63093,1.0,1.0,1.0,0.1,1.0,1.0,1.0,1.0,0.1,0.63093,1.0,1.0,1.0,0.1,0.289065,1.0,1.0,1.0,0.1,0.0,0.0,1.0,0.0,0.0,1.0,1.0,1.0,1.0,0.1,0.5,1.0,1.0,1.0,0.1
128,1,0.5,1.0,1.0,1.0,0.1,0.0,0.0,1.0,0.0,0.0,0.0,0.0,0.0,0.0,0.0,0.0,0.0,1.0,0.0,0.0,0.0,0.0,1.0,0.0,0.0,0.0,0.0,0.0,0.0,0.0,0.315465,1.0,1.0,1.0,0.1
129,1,1.0,1.0,1.0,1.0,0.1,1.0,1.0,1.0,1.0,0.1,1.0,1.0,1.0,1.0,0.1,1.0,1.0,1.0,1.0,0.1,1.0,1.0,1.0,1.0,0.1,1.0,1.0,1.0,1.0,0.1,1.0,1.0,1.0,1.0,0.1
130,1,1.0,1.0,1.0,1.0,0.1,1.0,1.0,1.0,1.0,0.1,1.0,1.0,1.0,1.0,0.1,1.0,1.0,1.0,1.0,0.1,1.0,1.0,1.0,1.0,0.1,1.0,1.0,1.0,1.0,0.1,1.0,1.0,1.0,1.0,0.1
132,1,0.0,0.0,0.0,0.0,0.0,0.0,0.0,0.0,0.0,0.0,0.0,0.0,0.0,0.0,0.0,0.0,0.0,0.0,0.0,0.0,0.0,0.0,0.0,0.0,0.0,0.0,0.0,0.0,0.0,0.0,0.0,0.0,0.0,0.0,0.0
133,5,0.244108,0.4,0.8,1.0,0.2,0.639945,0.6,1.0,1.0,0.3,0.490559,0.6,1.0,1.0,0.3,0.504378,0.6,1.0,1.0,0.3,0.514771,0.6,1.0,1.0,0.3,0.722727,0.6,1.0,1.0,0.3,0.820766,0.8,1.0,1.0,0.4
137,1,1.0,1.0,1.0,1.0,0.1,1.0,1.0,1.0,1.0,0.1,1.0,1.0,1.0,1.0,0.1,1.0,1.0,1.0,1.0,0.1,1.0,1.0,1.0,1.0,0.1,1.0,1.0,1.0,1.0,0.1,1.0,1.0,1.0,1.0,0.1
141,2,1.0,1.0,1.0,1.0,0.2,0.919721,1.0,1.0,1.0,0.2,0.831555,1.0,1.0,1.0,0.2,0.850345,1.0,1.0,1.0,0.2,0.850345,1.0,1.0,1.0,0.2,0.613147,0.5,1.0,1.0,0.1,0.877215,1.0,1.0,1.0,0.2
142,1,1.0,1.0,1.0,1.0,0.1,1.0,1.0,1.0,1.0,0.1,1.0,1.0,1.0,1.0,0.1,1.0,1.0,1.0,1.0,0.1,1.0,1.0,1.0,1.0,0.1,0.0,0.0,0.0,0.0,0.0,1.0,1.0,1.0,1.0,0.1
143,1,1.0,1.0,1.0,1.0,0.1,1.0,1.0,1.0,1.0,0.1,1.0,1.0,1.0,1.0,0.1,1.0,1.0,1.0,1.0,0.1,1.0,1.0,1.0,1.0,0.1,0.0,0.0,1.0,0.0,0.0,1.0,1.0,1.0,1.0,0.1
146,1,1.0,1.0,1.0,1.0,0.1,1.0,1.0,1.0,1.0,0.1,1.0,1.0,1.0,1.0,0.1,1.0,1.0,1.0,1.0,0.1,1.0,1.0,1.0,1.0,0.1,0.0,0.0,1.0,0.0,0.0,1.0,1.0,1.0,1.0,0.1
148,1,1.0,1.0,1.0,1.0,0.1,0.63093,1.0,1.0,1.0,0.1,1.0,1.0,1.0,1.0,0.1,0.5,1.0,1.0,1.0,0.1,0.5,1.0,1.0,1.0,0.1,0.63093,1.0,1.0,1.0,0.1,1.0,1.0,1.0,1.0,0.1
163,1,1.0,1.0,1.0,1.0,0.1,1.0,1.0,1.0,1.0,0.1,0.63093,1.0,1.0,1.0,0.1,0.63093,1.0,1.0,1.0,0.1,0.63093,1.0,1.0,1.0,0.1,0.63093,1.0,1.0,1.0,0.1,1.0,1.0,1.0,1.0,0.1
171,1,1.0,1.0,1.0,1.0,0.1,1.0,1.0,1.0,1.0,0.1,1.0,1.0,1.0,1.0,0.1,1.0,1.0,1.0,1.0,0.1,1.0,1.0,1.0,1.0,0.1,1.0,1.0,1.0,1.0,0.1,1.0,1.0,1.0,1.0,0.1
179,4,0.698415,0.75,1.0,1.0,0.3,0.95583,1.0,1.0,1.0,0.4,0.949389,1.0,1.0,1.0,0.4,0.748676,1.0,1.0,1.0,0.4,0.748676,1.0,1.0,1.0,0.4,0.39038,0.25,0.5,1.0,0.1,0.580549,0.75,1.0,1.0,0.3
180,1,1.0,1.0,1.0,1.0,0.1,1.0,1.0,1.0,1.0,0.1,1.0,1.0,1.0,1.0,0.1,1.0,1.0,1.0,1.0,0.1,1.0,1.0,1.0,1.0,0.1,1.0,1.0,1.0,1.0,0.1,1.0,1.0,1.0,1.0,0.1
183,1,0.0,0.0,1.0,0.0,0.0,1.0,1.0,1.0,1.0,0.1,1.0,1.0,1.0,1.0,0.1,0.356207,1.0,1.0,1.0,0.1,0.356207,1.0,1.0,1.0,0.1,0.63093,1.0,1.0,1.0,0.1,0.63093,1.0,1.0,1.0,0.1
185,1,0.430677,1.0,1.0,1.0,0.1,1.0,1.0,1.0,1.0,0.1,0.5,1.0,1.0,1.0,0.1,0.315465,1.0,1.0,1.0,0.1,0.315465,1.0,1.0,1.0,0.1,0.386853,1.0,1.0,1.0,0.1,0.63093,1.0,1.0,1.0,0.1
198,1,1.0,1.0,1.0,1.0,0.1,0.0,0.0,1.0,0.0,0.0,0.0,0.0,1.0,0.0,0.0,0.0,0.0,0.0,0.0,0.0,0.0,0.0,0.0,0.0,0.0,0.430677,1.0,1.0,1.0,0.1,0.63093,1.0,1.0,1.0,0.1
208,1,1.0,1.0,1.0,1.0,0.1,0.5,1.0,1.0,1.0,0.1,1.0,1.0,1.0,1.0,0.1,1.0,1.0,1.0,1.0,0.1,1.0,1.0,1.0,1.0,0.1,0.0,0.0,0.0,0.0,0.0,1.0,1.0,1.0,1.0,0.1
212,1,0.430677,1.0,1.0,1.0,0.1,0.356207,1.0,1.0,1.0,0.1,0.333333,1.0,1.0,1.0,0.1,0.315465,1.0,1.0,1.0,0.1,0.430677,1.0,1.0,1.0,0.1,0.333333,1.0,1.0,1.0,0.1,0.386853,1.0,1.0,1.0,0.1
213,1,0.356207,1.0,1.0,1.0,0.1,0.386853,1.0,1.0,1.0,0.1,0.333333,1.0,1.0,1.0,0.1,0.333333,1.0,1.0,1.0,0.1,0.333333,1.0,1.0,1.0,0.1,0.356207,1.0,1.0,1.0,0.1,0.356207,1.0,1.0,1.0,0.1
216,1,1.0,1.0,1.0,1.0,0.1,1.0,1.0,1.0,1.0,0.1,1.0,1.0,1.0,1.0,0.1,1.0,1.0,1.0,1.0,0.1,1.0,1.0,1.0,1.0,0.1,1.0,1.0,1.0,1.0,0.1,1.0,1.0,1.0,1.0,0.1
217,1,1.0,1.0,1.0,1.0,0.1,1.0,1.0,1.0,1.0,0.1,1.0,1.0,1.0,1.0,0.1,1.0,1.0,1.0,1.0,0.1,1.0,1.0,1.0,1.0,0.1,1.0,1.0,1.0,1.0,0.1,1.0,1.0,1.0,1.0,0.1
218,1,1.0,1.0,1.0,1.0,0.1,1.0,1.0,1.0,1.0,0.1,1.0,1.0,1.0,1.0,0.1,1.0,1.0,1.0,1.0,0.1,1.0,1.0,1.0,1.0,0.1,1.0,1.0,1.0,1.0,0.1,1.0,1.0,1.0,1.0,0.1
219,1,1.0,1.0,1.0,1.0,0.1,1.0,1.0,1.0,1.0,0.1,1.0,1.0,1.0,1.0,0.1,1.0,1.0,1.0,1.0,0.1,1.0,1.0,1.0,1.0,0.1,1.0,1.0,1.0,1.0,0.1,1.0,1.0,1.0,1.0,0.1
230,1,1.0,1.0,1.0,1.0,0.1,1.0,1.0,1.0,1.0,0.1,1.0,1.0,1.0,1.0,0.1,1.0,1.0,1.0,1.0,0.1,1.0,1.0,1.0,1.0,0.1,1.0,1.0,1.0,1.0,0.1,1.0,1.0,1.0,1.0,0.1
232,1,0.63093,1.0,1.0,1.0,0.1,1.0,1.0,1.0,1.0,0.1,0.63093,1.0,1.0,1.0,0.1,1.0,1.0,1.0,1.0,0.1,1.0,1.0,1.0,1.0,0.1,1.0,1.0,1.0,1.0,0.1,1.0,1.0,1.0,1.0,0.1
233,1,1.0,1.0,1.0,1.0,0.1,1.0,1.0,1.0,1.0,0.1,1.0,1.0,1.0,1.0,0.1,1.0,1.0,1.0,1.0,0.1,1.0,1.0,1.0,1.0,0.1,0.5,1.0,1.0,1.0,0.1,1.0,1.0,1.0,1.0,0.1
236,1,1.0,1.0,1.0,1.0,0.1,1.0,1.0,1.0,1.0,0.1,1.0,1.0,1.0,1.0,0.1,1.0,1.0,1.0,1.0,0.1,1.0,1.0,1.0,1.0,0.1,1.0,1.0,1.0,1.0,0.1,1.0,1.0,1.0,1.0,0.1
237,1,1.0,1.0,1.0,1.0,0.1,1.0,1.0,1.0,1.0,0.1,0.63093,1.0,1.0,1.0,0.1,1.0,1.0,1.0,1.0,0.1,1.0,1.0,1.0,1.0,0.1,0.386853,1.0,1.0,1.0,0.1,1.0,1.0,1.0,1.0,0.1
238,1,0.0,0.0,1.0,0.0,0.0,0.63093,1.0,1.0,1.0,0.1,0.0,0.0,1.0,0.0,0.0,0.430677,1.0,1.0,1.0,0.1,0.386853,1.0,1.0,1.0,0.1,0.63093,1.0,1.0,1.0,0.1,0.356207,1.0,1.0,1.0,0.1
239,1,0.0,0.0,0.0,0.0,0.0,0.0,0.0,1.0,0.0,0.0,0.0,0.0,1.0,0.0,0.0,0.0,0.0,1.0,0.0,0.0,0.0,0.0,1.0,0.0,0.0,0.0,0.0,1.0,0.0,0.0,0.0,0.0,1.0,0.0,0.0
248,1,1.0,1.0,1.0,1.0,0.1,0.5,1.0,1.0,1.0,0.1,1.0,1.0,1.0,1.0,0.1,1.0,1.0,1.0,1.0,0.1,1.0,1.0,1.0,1.0,0.1,0.0,0.0,1.0,0.0,0.0,1.0,1.0,1.0,1.0,0.1
249,1,1.0,1.0,1.0,1.0,0.1,0.5,1.0,1.0,1.0,0.1,1.0,1.0,1.0,1.0,0.1,1.0,1.0,1.0,1.0,0.1,1.0,1.0,1.0,1.0,0.1,0.0,0.0,1.0,0.0,0.0,1.0,1.0,1.0,1.0,0.1
261,2,0.218407,0.5,0.5,1.0,0.1,0.204382,0.5,1.0,1.0,0.1,0.455605,1.0,1.0,1.0,0.2,0.218407,0.5,1.0,1.0,0.1,0.218407,0.5,1.0,1.0,0.1,0.264068,0.5,1.0,1.0,0.1,0.237198,0.5,1.0,1.0,0.1
268,1,0.63093,1.0,1.0,1.0,0.1,1.0,1.0,1.0,1.0,0.1,0.333333,1.0,1.0,1.0,0.1,0.356207,1.0,1.0,1.0,0.1,0.356207,1.0,1.0,1.0,0.1,0.356207,1.0,1.0,1.0,0.1,0.63093,1.0,1.0,1.0,0.1
269,1,0.63093,1.0,1.0,1.0,0.1,1.0,1.0,1.0,1.0,0.1,0.315465,1.0,1.0,1.0,0.1,0.356207,1.0,1.0,1.0,0.1,0.333333,1.0,1.0,1.0,0.1,0.333333,1.0,1.0,1.0,0.1,0.63093,1.0,1.0,1.0,0.1
274,1,1.0,1.0,1.0,1.0,0.1,1.0,1.0,1.0,1.0,0.1,1.0,1.0,1.0,1.0,0.1,1.0,1.0,1.0,1.0,0.1,1.0,1.0,1.0,1.0,0.1,1.0,1.0,1.0,1.0,0.1,1.0,1.0,1.0,1.0,0.1
275,3,0.469279,0.333333,0.666667,1.0,0.1,0.679731,1.0,1.0,1.0,0.3,0.798861,1.0,1.0,1.0,0.3,0.765361,0.666667,1.0,1.0,0.2,0.765361,0.666667,1.0,1.0,0.2,0.678762,1.0,1.0,1.0,0.3,0.636439,0.666667,1.0,1.0,0.2
279,1,1.0,1.0,1.0,1.0,0.1,1.0,1.0,1.0,1.0,0.1,1.0,1.0,1.0,1.0,0.1,1.0,1.0,1.0,1.0,0.1,1.0,1.0,1.0,1.0,0.1,0.5,1.0,1.0,1.0,0.1,1.0,1.0,1.0,1.0,0.1
294,1,1.0,1.0,1.0,1.0,0.1,0.0,0.0,1.0,0.0,0.0,0.0,0.0,1.0,0.0,0.0,0.0,0.0,1.0,0.0,0.0,0.0,0.0,1.0,0.0,0.0,0.0,0.0,0.0,0.0,0.0,1.0,1.0,1.0,1.0,0.1
295,1,1.0,1.0,1.0,1.0,0.1,0.5,1.0,1.0,1.0,0.1,0.430677,1.0,1.0,1.0,0.1,1.0,1.0,1.0,1.0,0.1,0.63093,1.0,1.0,1.0,0.1,0.63093,1.0,1.0,1.0,0.1,1.0,1.0,1.0,1.0,0.1
298,1,1.0,1.0,1.0,1.0,0.1,1.0,1.0,1.0,1.0,0.1,0.63093,1.0,1.0,1.0,0.1,1.0,1.0,1.0,1.0,0.1,1.0,1.0,1.0,1.0,0.1,0.0,0.0,1.0,0.0,0.0,1.0,1.0,1.0,1.0,0.1
300,1,0.430677,1.0,1.0,1.0,0.1,0.430677,1.0,1.0,1.0,0.1,0.356207,1.0,1.0,1.0,0.1,0.0,0.0,1.0,0.0,0.0,0.0,0.0,1.0,0.0,0.0,0.0,0.0,1.0,0.0,0.0,0.430677,1.0,1.0,1.0,0.1
303,1,0.63093,1.0,1.0,1.0,0.1,0.0,0.0,0.0,0.0,0.0,0.0,0.0,0.0,0.0,0.0,0.0,0.0,0.0,0.0,0.0,0.0,0.0,0.0,0.0,0.0,0.0,0.0,0.0,0.0,0.0,0.0,0.0,1.0,0.0,0.0
312,1,0.386853,1.0,1.0,1.0,0.1,0.0,0.0,0.0,0.0,0.0,0.0,0.0,1.0,0.0,0.0,0.0,0.0,0.0,0.0,0.0,0.0,0.0,0.0,0.0,0.0,0.0,0.0,1.0,0.0,0.0,0.0,0.0,1.0,0.0,0.0
314,1,0.430677,1.0,1.0,1.0,0.1,0.0,0.0,1.0,0.0,0.0,0.356207,1.0,1.0,1.0,0.1,0.0,0.0,1.0,0.0,0.0,0.0,0.0,1.0,0.0,0.0,0.333333,1.0,1.0,1.0,0.1,0.356207,1.0,1.0,1.0,0.1
324,1,0.0,0.0,1.0,0.0,0.0,0.63093,1.0,1.0,1.0,0.1,0.63093,1.0,1.0,1.0,0.1,1.0,1.0,1.0,1.0,0.1,1.0,1.0,1.0,1.0,0.1,1.0,1.0,1.0,1.0,0.1,0.5,1.0,1.0,1.0,0.1
327,1,1.0,1.0,1.0,1.0,0.1,1.0,1.0,1.0,1.0,0.1,1.0,1.0,1.0,1.0,0.1,1.0,1.0,1.0,1.0,0.1,1.0,1.0,1.0,1.0,0.1,0.63093,1.0,1.0,1.0,0.1,1.0,1.0,1.0,1.0,0.1
338,1,1.0,1.0,1.0,1.0,0.1,0.63093,1.0,1.0,1.0,0.1,1.0,1.0,1.0,1.0,0.1,1.0,1.0,1.0,1.0,0.1,1.0,1.0,1.0,1.0,0.1,0.63093,1.0,1.0,1.0,0.1,1.0,1.0,1.0,1.0,0.1
343,2,0.650921,1.0,1.0,1.0,0.2,0.831555,1.0,1.0,1.0,0.2,0.919721,1.0,1.0,1.0,0.2,1.0,1.0,1.0,1.0,0.2,1.0,1.0,1.0,1.0,0.2,0.81753,1.0,1.0,1.0,0.2,1.0,1.0,1.0,1.0,0.2
350,1,1.0,1.0,1.0,1.0,0.1,1.0,1.0,1.0,1.0,0.1,1.0,1.0,1.0,1.0,0.1,1.0,1.0,1.0,1.0,0.1,1.0,1.0,1.0,1.0,0.1,0.0,0.0,0.0,0.0,0.0,1.0,1.0,1.0,1.0,0.1
354,1,1.0,1.0,1.0,1.0,0.1,1.0,1.0,1.0,1.0,0.1,1.0,1.0,1.0,1.0,0.1,1.0,1.0,1.0,1.0,0.1,1.0,1.0,1.0,1.0,0.1,1.0,1.0,1.0,1.0,0.1,1.0,1.0,1.0,1.0,0.1
362,1,1.0,1.0,1.0,1.0,0.1,1.0,1.0,1.0,1.0,0.1,1.0,1.0,1.0,1.0,0.1,0.63093,1.0,1.0,1.0,0.1,0.63093,1.0,1.0,1.0,0.1,0.63093,1.0,1.0,1.0,0.1,1.0,1.0,1.0,1.0,0.1
380,1,1.0,1.0,1.0,1.0,0.1,1.0,1.0,1.0,1.0,0.1,1.0,1.0,1.0,1.0,0.1,0.5,1.0,1.0,1.0,0.1,0.63093,1.0,1.0,1.0,0.1,0.0,0.0,1.0,0.0,0.0,1.0,1.0,1.0,1.0,0.1
384,1,0.0,0.0,1.0,0.0,0.0,0.0,0.0,1.0,0.0,0.0,0.356207,1.0,1.0,1.0,0.1,0.0,0.0,1.0,0.0,0.0,0.0,0.0,1.0,0.0,0.0,0.0,0.0,1.0,0.0,0.0,0.289065,1.0,1.0,1.0,0.1
385,2,0.306574,0.5,1.0,1.0,0.1,0.693426,1.0,1.0,1.0,0.2,0.693426,1.0,1.0,1.0,0.2,0.570642,1.0,1.0,1.0,0.2,0.543771,1.0,1.0,1.0,0.2,0.693426,1.0,1.0,1.0,0.2,0.693426,1.0,1.0,1.0,0.2
386,1,1.0,1.0,1.0,1.0,0.1,1.0,1.0,1.0,1.0,0.1,1.0,1.0,1.0,1.0,0.1,1.0,1.0,1.0,1.0,0.1,1.0,1.0,1.0,1.0,0.1,1.0,1.0,1.0,1.0,0.1,1.0,1.0,1.0,1.0,0.1
388,1,0.5,1.0,1.0,1.0,0.1,0.63093,1.0,1.0,1.0,0.1,1.0,1.0,1.0,1.0,0.1,0.63093,1.0,1.0,1.0,0.1,1.0,1.0,1.0,1.0,0.1,1.0,1.0,1.0,1.0,0.1,0.63093,1.0,1.0,1.0,0.1
399,1,1.0,1.0,1.0,1.0,0.1,1.0,1.0,1.0,1.0,0.1,1.0,1.0,1.0,1.0,0.1,1.0,1.0,1.0,1.0,0.1,1.0,1.0,1.0,1.0,0.1,1.0,1.0,1.0,1.0,0.1,1.0,1.0,1.0,1.0,0.1
410,1,1.0,1.0,1.0,1.0,0.1,1.0,1.0,1.0,1.0,0.1,1.0,1.0,1.0,1.0,0.1,1.0,1.0,1.0,1.0,0.1,1.0,1.0,1.0,1.0,0.1,1.0,1.0,1.0,1.0,0.1,1.0,1.0,1.0,1.0,0.1
411,1,1.0,1.0,1.0,1.0,0.1,1.0,1.0,1.0,1.0,0.1,1.0,1.0,1.0,1.0,0.1,1.0,1.0,1.0,1.0,0.1,1.0,1.0,1.0,1.0,0.1,1.0,1.0,1.0,1.0,0.1,1.0,1.0,1.0,1.0,0.1
415,1,0.356207,1.0,1.0,1.0,0.1,0.0,0.0,1.0,0.0,0.0,0.430677,1.0,1.0,1.0,0.1,0.315465,1.0,1.0,1.0,0.1,0.315465,1.0,1.0,1.0,0.1,0.0,0.0,1.0,0.0,0.0,0.386853,1.0,1.0,1.0,0.1
421,1,0.0,0.0,0.0,0.0,0.0,0.0,0.0,0.0,0.0,0.0,0.0,0.0,0.0,0.0,0.0,0.0,0.0,0.0,0.0,0.0,0.0,0.0,0.0,0.0,0.0,0.0,0.0,1.0,0.0,0.0,0.0,0.0,0.0,0.0,0.0
431,1,0.0,0.0,0.0,0.0,0.0,0.0,0.0,1.0,0.0,0.0,0.63093,1.0,1.0,1.0,0.1,0.63093,1.0,1.0,1.0,0.1,0.63093,1.0,1.0,1.0,0.1,1.0,1.0,1.0,1.0,0.1,0.0,0.0,1.0,0.0,0.0
436,1,1.0,1.0,1.0,1.0,0.1,1.0,1.0,1.0,1.0,0.1,1.0,1.0,1.0,1.0,0.1,1.0,1.0,1.0,1.0,0.1,1.0,1.0,1.0,1.0,0.1,0.333333,1.0,1.0,1.0,0.1,1.0,1.0,1.0,1.0,0.1
437,1,0.0,0.0,0.0,0.0,0.0,0.0,0.0,0.0,0.0,0.0,0.0,0.0,0.0,0.0,0.0,0.0,0.0,0.0,0.0,0.0,0.0,0.0,0.0,0.0,0.0,0.0,0.0,0.0,0.0,0.0,0.0,0.0,0.0,0.0,0.0
439,1,0.63093,1.0,1.0,1.0,0.1,1.0,1.0,1.0,1.0,0.1,1.0,1.0,1.0,1.0,0.1,0.63093,1.0,1.0,1.0,0.1,0.63093,1.0,1.0,1.0,0.1,0.315465,1.0,1.0,1.0,0.1,1.0,1.0,1.0,1.0,0.1
440,1,0.63093,1.0,1.0,1.0,0.1,1.0,1.0,1.0,1.0,0.1,1.0,1.0,1.0,1.0,0.1,1.0,1.0,1.0,1.0,0.1,1.0,1.0,1.0,1.0,0.1,0.430677,1.0,1.0,1.0,0.1,1.0,1.0,1.0,1.0,0.1
443,1,1.0,1.0,1.0,1.0,0.1,1.0,1.0,1.0,1.0,0.1,1.0,1.0,1.0,1.0,0.1,1.0,1.0,1.0,1.0,0.1,1.0,1.0,1.0,1.0,0.1,1.0,1.0,1.0,1.0,0.1,1.0,1.0,1.0,1.0,0.1
452,2,0.306574,0.5,0.5,1.0,0.1,0.177239,0.5,1.0,1.0,0.1,0.0,0.0,1.0,0.0,0.0,0.0,0.0,0.5,0.0,0.0,0.0,0.0,0.5,0.0,0.0,0.264068,0.5,1.0,1.0,0.1,0.0,0.0,1.0,0.0,0.0
475,1,0.0,0.0,1.0,0.0,0.0,0.0,0.0,1.0,0.0,0.0,0.0,0.0,1.0,0.0,0.0,0.0,0.0,1.0,0.0,0.0,0.0,0.0,1.0,0.0,0.0,0.0,0.0,0.0,0.0,0.0,0.289065,1.0,1.0,1.0,0.1
478,1,0.63093,1.0,1.0,1.0,0.1,1.0,1.0,1.0,1.0,0.1,1.0,1.0,1.0,1.0,0.1,1.0,1.0,1.0,1.0,0.1,1.0,1.0,1.0,1.0,0.1,1.0,1.0,1.0,1.0,0.1,1.0,1.0,1.0,1.0,0.1
491,1,1.0,1.0,1.0,1.0,0.1,1.0,1.0,1.0,1.0,0.1,1.0,1.0,1.0,1.0,0.1,1.0,1.0,1.0,1.0,0.1,1.0,1.0,1.0,1.0,0.1,1.0,1.0,1.0,1.0,0.1,1.0,1.0,1.0,1.0,0.1
501,1,1.0,1.0,1.0,1.0,0.1,1.0,1.0,1.0,1.0,0.1,1.0,1.0,1.0,1.0,0.1,1.0,1.0,1.0,1.0,0.1,1.0,1.0,1.0,1.0,0.1,0.5,1.0,1.0,1.0,0.1,1.0,1.0,1.0,1.0,0.1
502,1,0.0,0.0,0.0,0.0,0.0,0.0,0.0,0.0,0.0,0.0,0.0,0.0,0.0,0.0,0.0,0.0,0.0,0.0,0.0,0.0,0.0,0.0,0.0,0.0,0.0,0.0,0.0,0.0,0.0,0.0,0.0,0.0,0.0,0.0,0.0
507,1,1.0,1.0,1.0,1.0,0.1,0.63093,1.0,1.0,1.0,0.1,0.63093,1.0,1.0,1.0,0.1,0.63093,1.0,1.0,1.0,0.1,0.63093,1.0,1.0,1.0,0.1,0.63093,1.0,1.0,1.0,0.1,1.0,1.0,1.0,1.0,0.1
508,1,0.0,0.0,1.0,0.0,0.0,0.0,0.0,1.0,0.0,0.0,0.0,0.0,1.0,0.0,0.0,0.0,0.0,1.0,0.0,0.0,0.0,0.0,1.0,0.0,0.0,0.0,0.0,1.0,0.0,0.0,0.0,0.0,1.0,0.0,0.0
513,1,1.0,1.0,1.0,1.0,0.1,0.63093,1.0,1.0,1.0,0.1,1.0,1.0,1.0,1.0,0.1,0.63093,1.0,1.0,1.0,0.1,0.63093,1.0,1.0,1.0,0.1,1.0,1.0,1.0,1.0,0.1,0.63093,1.0,1.0,1.0,0.1
514,1,0.0,0.0,1.0,0.0,0.0,1.0,1.0,1.0,1.0,0.1,1.0,1.0,1.0,1.0,0.1,1.0,1.0,1.0,1.0,0.1,1.0,1.0,1.0,1.0,0.1,1.0,1.0,1.0,1.0,0.1,0.386853,1.0,1.0,1.0,0.1
516,1,1.0,1.0,1.0,1.0,0.1,1.0,1.0,1.0,1.0,0.1,1.0,1.0,1.0,1.0,0.1,1.0,1.0,1.0,1.0,0.1,1.0,1.0,1.0,1.0,0.1,0.333333,1.0,1.0,1.0,0.1,1.0,1.0,1.0,1.0,0.1
517,1,0.0,0.0,1.0,0.0,0.0,0.0,0.0,1.0,0.0,0.0,0.0,0.0,0.0,0.0,0.0,0.0,0.0,0.0,0.0,0.0,0.0,0.0,0.0,0.0,0.0,0.0,0.0,0.0,0.0,0.0,0.0,0.0,1.0,0.0,0.0
521,1,1.0,1.0,1.0,1.0,0.1,1.0,1.0,1.0,1.0,0.1,1.0,1.0,1.0,1.0,0.1,0.63093,1.0,1.0,1.0,0.1,0.63093,1.0,1.0,1.0,0.1,0.0,0.0,1.0,0.0,0.0,1.0,1.0,1.0,1.0,0.1
525,1,1.0,1.0,1.0,1.0,0.1,1.0,1.0,1.0,1.0,0.1,1.0,1.0,1.0,1.0,0.1,1.0,1.0,1.0,1.0,0.1,1.0,1.0,1.0,1.0,0.1,0.63093,1.0,1.0,1.0,0.1,1.0,1.0,1.0,1.0,0.1
527,1,0.63093,1.0,1.0,1.0,0.1,0.0,0.0,1.0,0.0,0.0,0.0,0.0,1.0,0.0,0.0,0.0,0.0,1.0,0.0,0.0,0.0,0.0,1.0,0.0,0.0,0.356207,1.0,1.0,1.0,0.1,0.386853,1.0,1.0,1.0,0.1
528,1,1.0,1.0,1.0,1.0,0.1,1.0,1.0,1.0,1.0,0.1,1.0,1.0,1.0,1.0,0.1,1.0,1.0,1.0,1.0,0.1,1.0,1.0,1.0,1.0,0.1,0.0,0.0,1.0,0.0,0.0,1.0,1.0,1.0,1.0,0.1
532,1,1.0,1.0,1.0,1.0,0.1,1.0,1.0,1.0,1.0,0.1,1.0,1.0,1.0,1.0,0.1,1.0,1.0,1.0,1.0,0.1,1.0,1.0,1.0,1.0,0.1,0.5,1.0,1.0,1.0,0.1,1.0,1.0,1.0,1.0,0.1
533,1,1.0,1.0,1.0,1.0,0.1,1.0,1.0,1.0,1.0,0.1,1.0,1.0,1.0,1.0,0.1,1.0,1.0,1.0,1.0,0.1,1.0,1.0,1.0,1.0,0.1,0.5,1.0,1.0,1.0,0.1,1.0,1.0,1.0,1.0,0.1
535,1,0.0,0.0,0.0,0.0,0.0,0.430677,1.0,1.0,1.0,0.1,1.0,1.0,1.0,1.0,0.1,0.63093,1.0,1.0,1.0,0.1,0.63093,1.0,1.0,1.0,0.1,0.356207,1.0,1.0,1.0,0.1,0.0,0.0,1.0,0.0,0.0
536,1,0.63093,1.0,1.0,1.0,0.1,1.0,1.0,1.0,1.0,0.1,1.0,1.0,1.0,1.0,0.1,1.0,1.0,1.0,1.0,0.1,1.0,1.0,1.0,1.0,0.1,1.0,1.0,1.0,1.0,0.1,1.0,1.0,1.0,1.0,0.1
539,1,1.0,1.0,1.0,1.0,0.1,1.0,1.0,1.0,1.0,0.1,1.0,1.0,1.0,1.0,0.1,1.0,1.0,1.0,1.0,0.1,1.0,1.0,1.0,1.0,0.1,1.0,1.0,1.0,1.0,0.1,1.0,1.0,1.0,1.0,0.1
540,2,0.218407,0.5,1.0,1.0,0.1,0.264068,0.5,1.0,1.0,0.1,0.237198,0.5,1.0,1.0,0.1,0.218407,0.5,1.0,1.0,0.1,0.218407,0.5,1.0,1.0,0.1,0.184576,0.5,1.0,1.0,0.1,0.264068,0.5,1.0,1.0,0.1
544,1,0.0,0.0,1.0,0.0,0.0,0.0,0.0,1.0,0.0,0.0,0.0,0.0,1.0,0.0,0.0,0.0,0.0,1.0,0.0,0.0,0.0,0.0,1.0,0.0,0.0,0.0,0.0,0.0,0.0,0.0,0.0,0.0,1.0,0.0,0.0
549,1,1.0,1.0,1.0,1.0,0.1,1.0,1.0,1.0,1.0,0.1,1.0,1.0,1.0,1.0,0.1,1.0,1.0,1.0,1.0,0.1,1.0,1.0,1.0,1.0,0.1,0.63093,1.0,1.0,1.0,0.1,1.0,1.0,1.0,1.0,0.1
551,1,0.356207,1.0,1.0,1.0,0.1,0.63093,1.0,1.0,1.0,0.1,0.386853,1.0,1.0,1.0,0.1,0.63093,1.0,1.0,1.0,0.1,0.63093,1.0,1.0,1.0,0.1,0.0,0.0,1.0,0.0,0.0,0.63093,1.0,1.0,1.0,0.1
552,1,1.0,1.0,1.0,1.0,0.1,1.0,1.0,1.0,1.0,0.1,1.0,1.0,1.0,1.0,0.1,1.0,1.0,1.0,1.0,0.1,1.0,1.0,1.0,1.0,0.1,0.0,0.0,1.0,0.0,0.0,1.0,1.0,1.0,1.0,0.1
554,1,0.333333,1.0,1.0,1.0,0.1,0.0,0.0,1.0,0.0,0.0,0.0,0.0,1.0,0.0,0.0,0.0,0.0,1.0,0.0,0.0,0.0,0.0,1.0,0.0,0.0,0.0,0.0,0.0,0.0,0.0,0.315465,1.0,1.0,1.0,0.1
560,1,0.0,0.0,0.0,0.0,0.0,0.0,0.0,1.0,0.0,0.0,0.0,0.0,1.0,0.0,0.0,0.0,0.0,0.0,0.0,0.0,0.0,0.0,0.0,0.0,0.0,0.0,0.0,0.0,0.0,0.0,0.0,0.0,0.0,0.0,0.0
569,1,1.0,1.0,1.0,1.0,0.1,0.430677,1.0,1.0,1.0,0.1,1.0,1.0,1.0,1.0,0.1,0.356207,1.0,1.0,1.0,0.1,0.356207,1.0,1.0,1.0,0.1,1.0,1.0,1.0,1.0,0.1,1.0,1.0,1.0,1.0,0.1
575,1,0.0,0.0,1.0,0.0,0.0,0.5,1.0,1.0,1.0,0.1,0.430677,1.0,1.0,1.0,0.1,0.5,1.0,1.0,1.0,0.1,0.356207,1.0,1.0,1.0,0.1,0.0,0.0,1.0,0.0,0.0,0.5,1.0,1.0,1.0,0.1
577,1,0.0,0.0,0.0,0.0,0.0,0.315465,1.0,1.0,1.0,0.1,0.5,1.0,1.0,1.0,0.1,0.333333,1.0,1.0,1.0,0.1,0.333333,1.0,1.0,1.0,0.1,0.0,0.0,1.0,0.0,0.0,0.0,0.0,1.0,0.0,0.0
578,1,1.0,1.0,1.0,1.0,0.1,1.0,1.0,1.0,1.0,0.1,1.0,1.0,1.0,1.0,0.1,1.0,1.0,1.0,1.0,0.1,1.0,1.0,1.0,1.0,0.1,1.0,1.0,1.0,1.0,0.1,1.0,1.0,1.0,1.0,0.1
587,1,0.356207,1.0,1.0,1.0,0.1,0.0,0.0,1.0,0.0,0.0,0.30103,1.0,1.0,1.0,0.1,0.5,1.0,1.0,1.0,0.1,0.5,1.0,1.0,1.0,0.1,0.356207,1.0,1.0,1.0,0.1,0.5,1.0,1.0,1.0,0.1
589,1,1.0,1.0,1.0,1.0,0.1,1.0,1.0,1.0,1.0,0.1,1.0,1.0,1.0,1.0,0.1,1.0,1.0,1.0,1.0,0.1,1.0,1.0,1.0,1.0,0.1,0.63093,1.0,1.0,1.0,0.1,1.0,1.0,1.0,1.0,0.1
593,1,1.0,1.0,1.0,1.0,0.1,1.0,1.0,1.0,1.0,0.1,1.0,1.0,1.0,1.0,0.1,1.0,1.0,1.0,1.0,0.1,1.0,1.0,1.0,1.0,0.1,1.0,1.0,1.0,1.0,0.1,1.0,1.0,1.0,1.0,0.1
597,3,0.932521,1.0,1.0,1.0,0.3,0.792865,1.0,1.0,1.0,0.3,0.618289,1.0,1.0,1.0,0.3,0.433345,1.0,1.0,1.0,0.3,0.276919,0.666667,1.0,1.0,0.2,0.766972,1.0,1.0,1.0,0.3,0.807247,1.0,1.0,1.0,0.3
598,1,0.386853,1.0,1.0,1.0,0.1,0.333333,1.0,1.0,1.0,0.1,0.386853,1.0,1.0,1.0,0.1,0.333333,1.0,1.0,1.0,0.1,0.333333,1.0,1.0,1.0,0.1,0.0,0.0,1.0,0.0,0.0,0.386853,1.0,1.0,1.0,0.1
613,1,1.0,1.0,1.0,1.0,0.1,1.0,1.0,1.0,1.0,0.1,1.0,1.0,1.0,1.0,0.1,1.0,1.0,1.0,1.0,0.1,1.0,1.0,1.0,1.0,0.1,0.315465,1.0,1.0,1.0,0.1,1.0,1.0,1.0,1.0,0.1
619,2,0.264068,0.5,0.5,1.0,0.1,0.0,0.0,0.5,0.0,0.0,0.0,0.0,1.0,0.0,0.0,0.0,0.0,0.0,0.0,0.0,0.0,0.0,0.0,0.0,0.0,0.0,0.0,0.0,0.0,0.0,0.0,0.0,0.5,0.0,0.0
623,1,0.0,0.0,1.0,0.0,0.0,0.0,0.0,1.0,0.0,0.0,0.0,0.0,1.0,0.0,0.0,0.0,0.0,1.0,0.0,0.0,0.0,0.0,1.0,0.0,0.0,0.0,0.0,1.0,0.0,0.0,0.0,0.0,1.0,0.0,0.0
628,1,0.315465,1.0,1.0,1.0,0.1,0.430677,1.0,1.0,1.0,0.1,0.0,0.0,1.0,0.0,0.0,0.289065,1.0,1.0,1.0,0.1,0.430677,1.0,1.0,1.0,0.1,0.289065,1.0,1.0,1.0,0.1,0.5,1.0,1.0,1.0,0.1
636,1,0.5,1.0,1.0,1.0,0.1,1.0,1.0,1.0,1.0,0.1,1.0,1.0,1.0,1.0,0.1,1.0,1.0,1.0,1.0,0.1,1.0,1.0,1.0,1.0,0.1,1.0,1.0,1.0,1.0,0.1,0.63093,1.0,1.0,1.0,0.1
637,1,0.315465,1.0,1.0,1.0,0.1,0.430677,1.0,1.0,1.0,0.1,0.5,1.0,1.0,1.0,0.1,0.430677,1.0,1.0,1.0,0.1,0.430677,1.0,1.0,1.0,0.1,0.0,0.0,1.0,0.0,0.0,0.63093,1.0,1.0,1.0,0.1
641,2,0.613147,0.5,1.0,1.0,0.1,0.831555,1.0,1.0,1.0,0.2,0.831555,1.0,1.0,1.0,0.2,0.831555,1.0,1.0,1.0,0.2,0.591235,1.0,1.0,1.0,0.2,0.580279,1.0,1.0,1.0,0.2,0.877215,1.0,1.0,1.0,0.2
644,1,0.63093,1.0,1.0,1.0,0.1,0.0,0.0,1.0,0.0,0.0,0.0,0.0,1.0,0.0,0.0,0.0,0.0,1.0,0.0,0.0,0.0,0.0,1.0,0.0,0.0,0.0,0.0,0.0,0.0,0.0,0.386853,1.0,1.0,1.0,0.1
649,1,1.0,1.0,1.0,1.0,0.1,1.0,1.0,1.0,1.0,0.1,1.0,1.0,1.0,1.0,0.1,1.0,1.0,1.0,1.0,0.1,1.0,1.0,1.0,1.0,0.1,1.0,1.0,1.0,1.0,0.1,1.0,1.0,1.0,1.0,0.1
659,1,1.0,1.0,1.0,1.0,0.1,0.430677,1.0,1.0,1.0,0.1,1.0,1.0,1.0,1.0,0.1,0.0,0.0,1.0,0.0,0.0,0.0,0.0,1.0,0.0,0.0,1.0,1.0,1.0,1.0,0.1,1.0,1.0,1.0,1.0,0.1
660,1,1.0,1.0,1.0,1.0,0.1,0.0,0.0,0.0,0.0,0.0,0.0,0.0,0.0,0.0,0.0,0.0,0.0,0.0,0.0,0.0,0.0,0.0,0.0,0.0,0.0,0.0,0.0,0.0,0.0,0.0,0.430677,1.0,1.0,1.0,0.1
674,1,1.0,1.0,1.0,1.0,0.1,0.333333,1.0,1.0,1.0,0.1,0.430677,1.0,1.0,1.0,0.1,1.0,1.0,1.0,1.0,0.1,1.0,1.0,1.0,1.0,0.1,0.0,0.0,1.0,0.0,0.0,1.0,1.0,1.0,1.0,0.1
684,1,1.0,1.0,1.0,1.0,0.1,1.0,1.0,1.0,1.0,0.1,0.5,1.0,1.0,1.0,0.1,1.0,1.0,1.0,1.0,0.1,1.0,1.0,1.0,1.0,0.1,0.5,1.0,1.0,1.0,0.1,1.0,1.0,1.0,1.0,0.1
690,1,0.0,0.0,1.0,0.0,0.0,0.0,0.0,0.0,0.0,0.0,0.0,0.0,0.0,0.0,0.0,0.0,0.0,0.0,0.0,0.0,0.0,0.0,0.0,0.0,0.0,0.0,0.0,0.0,0.0,0.0,0.0,0.0,1.0,0.0,0.0
691,1,1.0,1.0,1.0,1.0,0.1,0.430677,1.0,1.0,1.0,0.1,0.0,0.0,1.0,0.0,0.0,0.289065,1.0,1.0,1.0,0.1,0.289065,1.0,1.0,1.0,0.1,0.5,1.0,1.0,1.0,0.1,0.5,1.0,1.0,1.0,0.1
692,1,1.0,1.0,1.0,1.0,0.1,1.0,1.0,1.0,1.0,0.1,1.0,1.0,1.0,1.0,0.1,1.0,1.0,1.0,1.0,0.1,0.63093,1.0,1.0,1.0,0.1,0.333333,1.0,1.0,1.0,0.1,1.0,1.0,1.0,1.0,0.1
693,1,1.0,1.0,1.0,1.0,0.1,1.0,1.0,1.0,1.0,0.1,1.0,1.0,1.0,1.0,0.1,1.0,1.0,1.0,1.0,0.1,1.0,1.0,1.0,1.0,0.1,0.430677,1.0,1.0,1.0,0.1,1.0,1.0,1.0,1.0,0.1
700,1,0.63093,1.0,1.0,1.0,0.1,0.63093,1.0,1.0,1.0,0.1,1.0,1.0,1.0,1.0,0.1,0.63093,1.0,1.0,1.0,0.1,0.63093,1.0,1.0,1.0,0.1,0.63093,1.0,1.0,1.0,0.1,0.63093,1.0,1.0,1.0,0.1
702,1,0.5,1.0,1.0,1.0,0.1,0.63093,1.0,1.0,1.0,0.1,1.0,1.0,1.0,1.0,0.1,0.63093,1.0,1.0,1.0,0.1,0.63093,1.0,1.0,1.0,0.1,0.63093,1.0,1.0,1.0,0.1,0.5,1.0,1.0,1.0,0.1
715,1,0.0,0.0,1.0,0.0,0.0,0.0,0.0,1.0,0.0,0.0,0.0,0.0,1.0,0.0,0.0,0.0,0.0,1.0,0.0,0.0,0.0,0.0,1.0,0.0,0.0,0.0,0.0,1.0,0.0,0.0,0.356207,1.0,1.0,1.0,0.1
716,1,0.0,0.0,0.0,0.0,0.0,0.0,0.0,1.0,0.0,0.0,0.0,0.0,1.0,0.0,0.0,0.0,0.0,1.0,0.0,0.0,0.0,0.0,1.0,0.0,0.0,0.0,0.0,1.0,0.0,0.0,0.0,0.0,1.0,0.0,0.0
718,1,1.0,1.0,1.0,1.0,0.1,1.0,1.0,1.0,1.0,0.1,1.0,1.0,1.0,1.0,0.1,1.0,1.0,1.0,1.0,0.1,1.0,1.0,1.0,1.0,0.1,0.0,0.0,1.0,0.0,0.0,1.0,1.0,1.0,1.0,0.1
721,1,1.0,1.0,1.0,1.0,0.1,1.0,1.0,1.0,1.0,0.1,1.0,1.0,1.0,1.0,0.1,1.0,1.0,1.0,1.0,0.1,1.0,1.0,1.0,1.0,0.1,1.0,1.0,1.0,1.0,0.1,1.0,1.0,1.0,1.0,0.1
723,1,1.0,1.0,1.0,1.0,0.1,1.0,1.0,1.0,1.0,0.1,1.0,1.0,1.0,1.0,0.1,1.0,1.0,1.0,1.0,0.1,1.0,1.0,1.0,1.0,0.1,0.0,0.0,0.0,0.0,0.0,1.0,1.0,1.0,1.0,0.1
727,1,0.63093,1.0,1.0,1.0,0.1,0.430677,1.0,1.0,1.0,0.1,0.5,1.0,1.0,1.0,0.1,0.5,1.0,1.0,1.0,0.1,0.5,1.0,1.0,1.0,0.1,0.0,0.0,0.0,0.0,0.0,0.63093,1.0,1.0,1.0,0.1
728,2,0.60526,1.0,1.0,1.0,0.2,0.650921,1.0,1.0,1.0,0.2,0.693426,1.0,1.0,1.0,0.2,0.693426,1.0,1.0,1.0,0.2,0.693426,1.0,1.0,1.0,0.2,0.613147,0.5,0.5,1.0,0.1,0.693426,1.0,1.0,1.0,0.2
729,1,0.63093,1.0,1.0,1.0,0.1,1.0,1.0,1.0,1.0,0.1,0.63093,1.0,1.0,1.0,0.1,1.0,1.0,1.0,1.0,0.1,1.0,1.0,1.0,1.0,0.1,0.0,0.0,0.0,0.0,0.0,1.0,1.0,1.0,1.0,0.1
742,1,1.0,1.0,1.0,1.0,0.1,0.30103,1.0,1.0,1.0,0.1,0.30103,1.0,1.0,1.0,0.1,0.0,0.0,1.0,0.0,0.0,0.333333,1.0,1.0,1.0,0.1,0.386853,1.0,1.0,1.0,0.1,0.63093,1.0,1.0,1.0,0.1
743,1,1.0,1.0,1.0,1.0,0.1,0.0,0.0,1.0,0.0,0.0,0.333333,1.0,1.0,1.0,0.1,0.0,0.0,1.0,0.0,0.0,0.0,0.0,1.0,0.0,0.0,0.0,0.0,1.0,0.0,0.0,0.430677,1.0,1.0,1.0,0.1
744,1,0.63093,1.0,1.0,1.0,0.1,0.5,1.0,1.0,1.0,0.1,0.63093,1.0,1.0,1.0,0.1,0.5,1.0,1.0,1.0,0.1,0.5,1.0,1.0,1.0,0.1,0.430677,1.0,1.0,1.0,0.1,0.63093,1.0,1.0,1.0,0.1
756,1,0.30103,1.0,1.0,1.0,0.1,0.63093,1.0,1.0,1.0,0.1,0.63093,1.0,1.0,1.0,0.1,0.5,1.0,1.0,1.0,0.1,0.5,1.0,1.0,1.0,0.1,0.333333,1.0,1.0,1.0,0.1,0.356207,1.0,1.0,1.0,0.1
759,1,1.0,1.0,1.0,1.0,0.1,1.0,1.0,1.0,1.0,0.1,1.0,1.0,1.0,1.0,0.1,1.0,1.0,1.0,1.0,0.1,1.0,1.0,1.0,1.0,0.1,0.0,0.0,0.0,0.0,0.0,1.0,1.0,1.0,1.0,0.1
768,1,0.5,1.0,1.0,1.0,0.1,0.0,0.0,1.0,0.0,0.0,0.63093,1.0,1.0,1.0,0.1,0.289065,1.0,1.0,1.0,0.1,0.289065,1.0,1.0,1.0,0.1,0.0,0.0,0.0,0.0,0.0,0.5,1.0,1.0,1.0,0.1
770,1,1.0,1.0,1.0,1.0,0.1,1.0,1.0,1.0,1.0,0.1,1.0,1.0,1.0,1.0,0.1,1.0,1.0,1.0,1.0,0.1,1.0,1.0,1.0,1.0,0.1,0.0,0.0,0.0,0.0,0.0,1.0,1.0,1.0,1.0,0.1
775,1,0.0,0.0,0.0,0.0,0.0,0.0,0.0,1.0,0.0,0.0,0.0,0.0,1.0,0.0,0.0,0.0,0.0,1.0,0.0,0.0,0.0,0.0,1.0,0.0,0.0,0.0,0.0,0.0,0.0,0.0,0.0,0.0,1.0,0.0,0.0
781,1,0.63093,1.0,1.0,1.0,0.1,0.63093,1.0,1.0,1.0,0.1,0.63093,1.0,1.0,1.0,0.1,0.63093,1.0,1.0,1.0,0.1,0.63093,1.0,1.0,1.0,0.1,1.0,1.0,1.0,1.0,0.1,0.63093,1.0,1.0,1.0,0.1
783,1,0.0,0.0,1.0,0.0,0.0,0.386853,1.0,1.0,1.0,0.1,0.30103,1.0,1.0,1.0,0.1,0.289065,1.0,1.0,1.0,0.1,0.0,0.0,1.0,0.0,0.0,0.0,0.0,1.0,0.0,0.0,0.315465,1.0,1.0,1.0,0.1
784,1,0.5,1.0,1.0,1.0,0.1,0.63093,1.0,1.0,1.0,0.1,1.0,1.0,1.0,1.0,0.1,0.5,1.0,1.0,1.0,0.1,0.5,1.0,1.0,1.0,0.1,0.0,0.0,1.0,0.0,0.0,1.0,1.0,1.0,1.0,0.1
785,1,0.63093,1.0,1.0,1.0,0.1,0.0,0.0,0.0,0.0,0.0,0.63093,1.0,1.0,1.0,0.1,0.63093,1.0,1.0,1.0,0.1,1.0,1.0,1.0,1.0,0.1,0.386853,1.0,1.0,1.0,0.1,0.63093,1.0,1.0,1.0,0.1
793,1,1.0,1.0,1.0,1.0,0.1,1.0,1.0,1.0,1.0,0.1,1.0,1.0,1.0,1.0,0.1,1.0,1.0,1.0,1.0,0.1,1.0,1.0,1.0,1.0,0.1,1.0,1.0,1.0,1.0,0.1,1.0,1.0,1.0,1.0,0.1
800,1,0.0,0.0,1.0,0.0,0.0,0.63093,1.0,1.0,1.0,0.1,0.356207,1.0,1.0,1.0,0.1,0.430677,1.0,1.0,1.0,0.1,0.430677,1.0,1.0,1.0,0.1,0.0,0.0,1.0,0.0,0.0,0.0,0.0,1.0,0.0,0.0
805,1,1.0,1.0,1.0,1.0,0.1,1.0,1.0,1.0,1.0,0.1,1.0,1.0,1.0,1.0,0.1,1.0,1.0,1.0,1.0,0.1,1.0,1.0,1.0,1.0,0.1,0.0,0.0,1.0,0.0,0.0,1.0,1.0,1.0,1.0,0.1
808,1,1.0,1.0,1.0,1.0,0.1,1.0,1.0,1.0,1.0,0.1,1.0,1.0,1.0,1.0,0.1,1.0,1.0,1.0,1.0,0.1,1.0,1.0,1.0,1.0,0.1,0.386853,1.0,1.0,1.0,0.1,1.0,1.0,1.0,1.0,0.1
811,1,1.0,1.0,1.0,1.0,0.1,1.0,1.0,1.0,1.0,0.1,1.0,1.0,1.0,1.0,0.1,1.0,1.0,1.0,1.0,0.1,1.0,1.0,1.0,1.0,0.1,1.0,1.0,1.0,1.0,0.1,1.0,1.0,1.0,1.0,0.1
814,1,1.0,1.0,1.0,1.0,0.1,1.0,1.0,1.0,1.0,0.1,1.0,1.0,1.0,1.0,0.1,1.0,1.0,1.0,1.0,0.1,1.0,1.0,1.0,1.0,0.1,1.0,1.0,1.0,1.0,0.1,1.0,1.0,1.0,1.0,0.1
820,1,0.0,0.0,0.0,0.0,0.0,0.0,0.0,0.0,0.0,0.0,0.0,0.0,0.0,0.0,0.0,0.0,0.0,0.0,0.0,0.0,0.0,0.0,0.0,0.0,0.0,0.0,0.0,0.0,0.0,0.0,0.0,0.0,0.0,0.0,0.0
821,1,0.0,0.0,0.0,0.0,0.0,0.0,0.0,0.0,0.0,0.0,0.0,0.0,0.0,0.0,0.0,0.0,0.0,0.0,0.0,0.0,0.0,0.0,0.0,0.0,0.0,0.0,0.0,1.0,0.0,0.0,0.0,0.0,0.0,0.0,0.0
823,1,1.0,1.0,1.0,1.0,0.1,1.0,1.0,1.0,1.0,0.1,1.0,1.0,1.0,1.0,0.1,1.0,1.0,1.0,1.0,0.1,1.0,1.0,1.0,1.0,0.1,1.0,1.0,1.0,1.0,0.1,1.0,1.0,1.0,1.0,0.1
830,1,0.386853,1.0,1.0,1.0,0.1,0.0,0.0,1.0,0.0,0.0,0.0,0.0,1.0,0.0,0.0,0.30103,1.0,1.0,1.0,0.1,0.30103,1.0,1.0,1.0,0.1,0.0,0.0,1.0,0.0,0.0,0.430677,1.0,1.0,1.0,0.1
831,1,0.0,0.0,1.0,0.0,0.0,0.0,0.0,0.0,0.0,0.0,0.0,0.0,0.0,0.0,0.0,0.0,0.0,1.0,0.0,0.0,0.0,0.0,1.0,0.0,0.0,0.0,0.0,0.0,0.0,0.0,0.0,0.0,1.0,0.0,0.0
832,1,1.0,1.0,1.0,1.0,0.1,1.0,1.0,1.0,1.0,0.1,1.0,1.0,1.0,1.0,0.1,1.0,1.0,1.0,1.0,0.1,1.0,1.0,1.0,1.0,0.1,1.0,1.0,1.0,1.0,0.1,1.0,1.0,1.0,1.0,0.1
834,1,0.0,0.0,1.0,0.0,0.0,0.0,0.0,0.0,0.0,0.0,0.0,0.0,1.0,0.0,0.0,0.0,0.0,0.0,0.0,0.0,0.0,0.0,0.0,0.0,0.0,0.0,0.0,0.0,0.0,0.0,0.0,0.0,1.0,0.0,0.0
837,1,1.0,1.0,1.0,1.0,0.1,0.63093,1.0,1.0,1.0,0.1,1.0,1.0,1.0,1.0,0.1,0.63093,1.0,1.0,1.0,0.1,0.63093,1.0,1.0,1.0,0.1,0.0,0.0,0.0,0.0,0.0,1.0,1.0,1.0,1.0,0.1
839,1,1.0,1.0,1.0,1.0,0.1,0.5,1.0,1.0,1.0,0.1,1.0,1.0,1.0,1.0,0.1,0.386853,1.0,1.0,1.0,0.1,0.386853,1.0,1.0,1.0,0.1,0.5,1.0,1.0,1.0,0.1,1.0,1.0,1.0,1.0,0.1
845,1,1.0,1.0,1.0,1.0,0.1,0.430677,1.0,1.0,1.0,0.1,0.386853,1.0,1.0,1.0,0.1,0.333333,1.0,1.0,1.0,0.1,0.386853,1.0,1.0,1.0,0.1,0.63093,1.0,1.0,1.0,0.1,0.63093,1.0,1.0,1.0,0.1
847,1,1.0,1.0,1.0,1.0,0.1,1.0,1.0,1.0,1.0,0.1,1.0,1.0,1.0,1.0,0.1,1.0,1.0,1.0,1.0,0.1,1.0,1.0,1.0,1.0,0.1,1.0,1.0,1.0,1.0,0.1,1.0,1.0,1.0,1.0,0.1
852,1,1.0,1.0,1.0,1.0,0.1,0.63093,1.0,1.0,1.0,0.1,0.63093,1.0,1.0,1.0,0.1,0.63093,1.0,1.0,1.0,0.1,0.63093,1.0,1.0,1.0,0.1,1.0,1.0,1.0,1.0,0.1,1.0,1.0,1.0,1.0,0.1
859,1,0.63093,1.0,1.0,1.0,0.1,0.430677,1.0,1.0,1.0,0.1,1.0,1.0,1.0,1.0,0.1,1.0,1.0,1.0,1.0,0.1,1.0,1.0,1.0,1.0,0.1,0.63093,1.0,1.0,1.0,0.1,1.0,1.0,1.0,1.0,0.1
870,1,0.0,0.0,0.0,0.0,0.0,0.0,0.0,1.0,0.0,0.0,0.0,0.0,1.0,0.0,0.0,0.0,0.0,1.0,0.0,0.0,0.0,0.0,1.0,0.0,0.0,0.0,0.0,0.0,0.0,0.0,0.0,0.0,1.0,0.0,0.0
873,5,0.102097,0.2,0.8,1.0,0.1,0.267619,0.4,1.0,1.0,0.2,0.345191,0.4,0.8,1.0,0.2,0.434033,0.6,1.0,1.0,0.3,0.318086,0.6,1.0,1.0,0.3,0.485229,0.4,1.0,1.0,0.2,0.65235,0.8,1.0,1.0,0.4
879,1,1.0,1.0,1.0,1.0,0.1,1.0,1.0,1.0,1.0,0.1,1.0,1.0,1.0,1.0,0.1,1.0,1.0,1.0,1.0,0.1,1.0,1.0,1.0,1.0,0.1,0.430677,1.0,1.0,1.0,0.1,1.0,1.0,1.0,1.0,0.1
880,1,1.0,1.0,1.0,1.0,0.1,0.63093,1.0,1.0,1.0,0.1,1.0,1.0,1.0,1.0,0.1,1.0,1.0,1.0,1.0,0.1,1.0,1.0,1.0,1.0,0.1,0.0,0.0,0.0,0.0,0.0,1.0,1.0,1.0,1.0,0.1
882,1,1.0,1.0,1.0,1.0,0.1,1.0,1.0,1.0,1.0,0.1,1.0,1.0,1.0,1.0,0.1,1.0,1.0,1.0,1.0,0.1,1.0,1.0,1.0,1.0,0.1,1.0,1.0,1.0,1.0,0.1,1.0,1.0,1.0,1.0,0.1
887,1,0.0,0.0,0.0,0.0,0.0,0.0,0.0,1.0,0.0,0.0,0.0,0.0,1.0,0.0,0.0,0.0,0.0,1.0,0.0,0.0,0.0,0.0,1.0,0.0,0.0,0.0,0.0,0.0,0.0,0.0,0.0,0.0,0.0,0.0,0.0
903,1,1.0,1.0,1.0,1.0,0.1,1.0,1.0,1.0,1.0,0.1,1.0,1.0,1.0,1.0,0.1,1.0,1.0,1.0,1.0,0.1,1.0,1.0,1.0,1.0,0.1,0.63093,1.0,1.0,1.0,0.1,1.0,1.0,1.0,1.0,0.1
904,1,1.0,1.0,1.0,1.0,0.1,1.0,1.0,1.0,1.0,0.1,1.0,1.0,1.0,1.0,0.1,1.0,1.0,1.0,1.0,0.1,1.0,1.0,1.0,1.0,0.1,1.0,1.0,1.0,1.0,0.1,1.0,1.0,1.0,1.0,0.1
907,1,1.0,1.0,1.0,1.0,0.1,1.0,1.0,1.0,1.0,0.1,1.0,1.0,1.0,1.0,0.1,1.0,1.0,1.0,1.0,0.1,1.0,1.0,1.0,1.0,0.1,1.0,1.0,1.0,1.0,0.1,1.0,1.0,1.0,1.0,0.1
911,1,1.0,1.0,1.0,1.0,0.1,1.0,1.0,1.0,1.0,0.1,1.0,1.0,1.0,1.0,0.1,1.0,1.0,1.0,1.0,0.1,1.0,1.0,1.0,1.0,0.1,0.0,0.0,1.0,0.0,0.0,1.0,1.0,1.0,1.0,0.1
913,1,0.0,0.0,0.0,0.0,0.0,0.315465,1.0,1.0,1.0,0.1,0.63093,1.0,1.0,1.0,0.1,0.386853,1.0,1.0,1.0,0.1,0.356207,1.0,1.0,1.0,0.1,0.0,0.0,0.0,0.0,0.0,0.0,0.0,1.0,0.0,0.0
914,1,0.0,0.0,0.0,0.0,0.0,0.430677,1.0,1.0,1.0,0.1,1.0,1.0,1.0,1.0,0.1,0.5,1.0,1.0,1.0,0.1,0.430677,1.0,1.0,1.0,0.1,0.0,0.0,1.0,0.0,0.0,0.0,0.0,1.0,0.0,0.0
921,1,0.63093,1.0,1.0,1.0,0.1,1.0,1.0,1.0,1.0,0.1,1.0,1.0,1.0,1.0,0.1,1.0,1.0,1.0,1.0,0.1,1.0,1.0,1.0,1.0,0.1,1.0,1.0,1.0,1.0,0.1,1.0,1.0,1.0,1.0,0.1
922,1,1.0,1.0,1.0,1.0,0.1,1.0,1.0,1.0,1.0,0.1,1.0,1.0,1.0,1.0,0.1,1.0,1.0,1.0,1.0,0.1,1.0,1.0,1.0,1.0,0.1,1.0,1.0,1.0,1.0,0.1,1.0,1.0,1.0,1.0,0.1
936,1,1.0,1.0,1.0,1.0,0.1,1.0,1.0,1.0,1.0,0.1,1.0,1.0,1.0,1.0,0.1,0.0,0.0,1.0,0.0,0.0,0.0,0.0,1.0,0.0,0.0,0.0,0.0,1.0,0.0,0.0,0.63093,1.0,1.0,1.0,0.1
956,1,0.5,1.0,1.0,1.0,0.1,1.0,1.0,1.0,1.0,0.1,0.63093,1.0,1.0,1.0,0.1,0.63093,1.0,1.0,1.0,0.1,0.63093,1.0,1.0,1.0,0.1,0.0,0.0,1.0,0.0,0.0,0.63093,1.0,1.0,1.0,0.1
957,1,0.63093,1.0,1.0,1.0,0.1,0.5,1.0,1.0,1.0,0.1,1.0,1.0,1.0,1.0,0.1,1.0,1.0,1.0,1.0,0.1,0.63093,1.0,1.0,1.0,0.1,0.0,0.0,1.0,0.0,0.0,1.0,1.0,1.0,1.0,0.1
960,1,1.0,1.0,1.0,1.0,0.1,1.0,1.0,1.0,1.0,0.1,1.0,1.0,1.0,1.0,0.1,1.0,1.0,1.0,1.0,0.1,1.0,1.0,1.0,1.0,0.1,1.0,1.0,1.0,1.0,0.1,1.0,1.0,1.0,1.0,0.1
967,2,0.919721,1.0,1.0,1.0,0.2,1.0,1.0,1.0,1.0,0.2,1.0,1.0,1.0,1.0,0.2,0.919721,1.0,1.0,1.0,0.2,0.650921,1.0,1.0,1.0,0.2,0.264068,0.5,1.0,1.0,0.1,1.0,1.0,1.0,1.0,0.2
971,4,0.653393,1.0,1.0,1.0,0.4,0.731568,1.0,1.0,1.0,0.4,0.848583,1.0,1.0,1.0,0.4,0.76064,1.0,1.0,1.0,0.4,0.76064,1.0,1.0,1.0,0.4,0.659563,0.75,1.0,1.0,0.3,0.731568,1.0,1.0,1.0,0.4
975,1,0.0,0.0,0.0,0.0,0.0,0.0,0.0,0.0,0.0,0.0,0.0,0.0,0.0,0.0,0.0,0.0,0.0,1.0,0.0,0.0,0.0,0.0,1.0,0.0,0.0,0.0,0.0,0.0,0.0,0.0,0.0,0.0,0.0,0.0,0.0
982,1,1.0,1.0,1.0,1.0,0.1,1.0,1.0,1.0,1.0,0.1,1.0,1.0,1.0,1.0,0.1,1.0,1.0,1.0,1.0,0.1,1.0,1.0,1.0,1.0,0.1,1.0,1.0,1.0,1.0,0.1,1.0,1.0,1.0,1.0,0.1
985,1,1.0,1.0,1.0,1.0,0.1,1.0,1.0,1.0,1.0,0.1,1.0,1.0,1.0,1.0,0.1,1.0,1.0,1.0,1.0,0.1,1.0,1.0,1.0,1.0,0.1,1.0,1.0,1.0,1.0,0.1,1.0,1.0,1.0,1.0,0.1
993,1,0.63093,1.0,1.0,1.0,0.1,0.63093,1.0,1.0,1.0,0.1,0.63093,1.0,1.0,1.0,0.1,0.430677,1.0,1.0,1.0,0.1,0.5,1.0,1.0,1.0,0.1,0.5,1.0,1.0,1.0,0.1,0.430677,1.0,1.0,1.0,0.1
1012,1,1.0,1.0,1.0,1.0,0.1,1.0,1.0,1.0,1.0,0.1,1.0,1.0,1.0,1.0,0.1,1.0,1.0,1.0,1.0,0.1,1.0,1.0,1.0,1.0,0.1,1.0,1.0,1.0,1.0,0.1,1.0,1.0,1.0,1.0,0.1
1014,1,1.0,1.0,1.0,1.0,0.1,1.0,1.0,1.0,1.0,0.1,1.0,1.0,1.0,1.0,0.1,1.0,1.0,1.0,1.0,0.1,1.0,1.0,1.0,1.0,0.1,1.0,1.0,1.0,1.0,0.1,1.0,1.0,1.0,1.0,0.1
1019,1,0.63093,1.0,1.0,1.0,0.1,0.430677,1.0,1.0,1.0,0.1,0.5,1.0,1.0,1.0,0.1,0.0,0.0,1.0,0.0,0.0,0.315465,1.0,1.0,1.0,0.1,1.0,1.0,1.0,1.0,0.1,0.63093,1.0,1.0,1.0,0.1
1020,1,0.63093,1.0,1.0,1.0,0.1,0.63093,1.0,1.0,1.0,0.1,1.0,1.0,1.0,1.0,0.1,0.63093,1.0,1.0,1.0,0.1,0.63093,1.0,1.0,1.0,0.1,0.63093,1.0,1.0,1.0,0.1,0.63093,1.0,1.0,1.0,0.1
1021,1,0.63093,1.0,1.0,1.0,0.1,0.63093,1.0,1.0,1.0,0.1,1.0,1.0,1.0,1.0,0.1,0.63093,1.0,1.0,1.0,0.1,0.63093,1.0,1.0,1.0,0.1,0.63093,1.0,1.0,1.0,0.1,0.63093,1.0,1.0,1.0,0.1
1024,1,1.0,1.0,1.0,1.0,0.1,0.0,0.0,1.0,0.0,0.0,0.0,0.0,1.0,0.0,0.0,0.0,0.0,1.0,0.0,0.0,0.0,0.0,1.0,0.0,0.0,0.0,0.0,0.0,0.0,0.0,0.430677,1.0,1.0,1.0,0.1
1029,3,0.921787,1.0,1.0,1.0,0.3,0.967468,1.0,1.0,1.0,0.3,0.827812,1.0,1.0,1.0,0.3,0.807247,1.0,1.0,1.0,0.3,0.78448,1.0,1.0,1.0,0.3,0.765361,0.666667,1.0,1.0,0.2,0.932521,1.0,1.0,1.0,0.3
1041,2,0.44158,1.0,1.0,1.0,0.2,0.0,0.0,1.0,0.0,0.0,0.0,0.0,1.0,0.0,0.0,0.0,0.0,1.0,0.0,0.0,0.0,0.0,1.0,0.0,0.0,0.0,0.0,1.0,0.0,0.0,0.388958,1.0,1.0,1.0,0.2
1049,1,0.0,0.0,0.0,0.0,0.0,0.0,0.0,1.0,0.0,0.0,0.0,0.0,1.0,0.0,0.0,0.0,0.0,1.0,0.0,0.0,0.0,0.0,1.0,0.0,0.0,0.0,0.0,0.0,0.0,0.0,0.0,0.0,1.0,0.0,0.0
1062,1,1.0,1.0,1.0,1.0,0.1,0.63093,1.0,1.0,1.0,0.1,1.0,1.0,1.0,1.0,0.1,0.63093,1.0,1.0,1.0,0.1,0.5,1.0,1.0,1.0,0.1,1.0,1.0,1.0,1.0,0.1,1.0,1.0,1.0,1.0,0.1
1086,1,1.0,1.0,1.0,1.0,0.1,1.0,1.0,1.0,1.0,0.1,1.0,1.0,1.0,1.0,0.1,1.0,1.0,1.0,1.0,0.1,1.0,1.0,1.0,1.0,0.1,1.0,1.0,1.0,1.0,0.1,1.0,1.0,1.0,1.0,0.1
1088,1,0.0,0.0,0.0,0.0,0.0,1.0,1.0,1.0,1.0,0.1,1.0,1.0,1.0,1.0,0.1,1.0,1.0,1.0,1.0,0.1,1.0,1.0,1.0,1.0,0.1,0.0,0.0,0.0,0.0,0.0,0.0,0.0,1.0,0.0,0.0
1089,1,1.0,1.0,1.0,1.0,0.1,1.0,1.0,1.0,1.0,0.1,1.0,1.0,1.0,1.0,0.1,1.0,1.0,1.0,1.0,0.1,1.0,1.0,1.0,1.0,0.1,1.0,1.0,1.0,1.0,0.1,1.0,1.0,1.0,1.0,0.1
1099,1,0.5,1.0,1.0,1.0,0.1,0.5,1.0,1.0,1.0,0.1,0.30103,1.0,1.0,1.0,0.1,0.289065,1.0,1.0,1.0,0.1,0.30103,1.0,1.0,1.0,0.1,0.5,1.0,1.0,1.0,0.1,0.386853,1.0,1.0,1.0,0.1
1100,1,0.63093,1.0,1.0,1.0,0.1,0.430677,1.0,1.0,1.0,0.1,0.289065,1.0,1.0,1.0,0.1,0.30103,1.0,1.0,1.0,0.1,0.30103,1.0,1.0,1.0,0.1,0.430677,1.0,1.0,1.0,0.1,0.430677,1.0,1.0,1.0,0.1
1104,1,1.0,1.0,1.0,1.0,0.1,1.0,1.0,1.0,1.0,0.1,1.0,1.0,1.0,1.0,0.1,1.0,1.0,1.0,1.0,0.1,1.0,1.0,1.0,1.0,0.1,1.0,1.0,1.0,1.0,0.1,1.0,1.0,1.0,1.0,0.1
1107,1,1.0,1.0,1.0,1.0,0.1,0.5,1.0,1.0,1.0,0.1,1.0,1.0,1.0,1.0,0.1,0.5,1.0,1.0,1.0,0.1,0.5,1.0,1.0,1.0,0.1,0.5,1.0,1.0,1.0,0.1,0.63093,1.0,1.0,1.0,0.1
1110,1,0.0,0.0,0.0,0.0,0.0,0.0,0.0,0.0,0.0,0.0,0.0,0.0,1.0,0.0,0.0,0.0,0.0,0.0,0.0,0.0,0.0,0.0,0.0,0.0,0.0,0.0,0.0,0.0,0.0,0.0,0.0,0.0,0.0,0.0,0.0
1121,1,0.63093,1.0,1.0,1.0,0.1,1.0,1.0,1.0,1.0,0.1,0.5,1.0,1.0,1.0,0.1,1.0,1.0,1.0,1.0,0.1,1.0,1.0,1.0,1.0,0.1,0.63093,1.0,1.0,1.0,0.1,1.0,1.0,1.0,1.0,0.1
1130,1,1.0,1.0,1.0,1.0,0.1,1.0,1.0,1.0,1.0,0.1,0.63093,1.0,1.0,1.0,0.1,1.0,1.0,1.0,1.0,0.1,1.0,1.0,1.0,1.0,0.1,1.0,1.0,1.0,1.0,0.1,1.0,1.0,1.0,1.0,0.1
1132,2,0.264068,0.5,1.0,1.0,0.1,0.237198,0.5,1.0,1.0,0.1,0.0,0.0,1.0,0.0,0.0,0.613147,0.5,0.5,1.0,0.1,0.613147,0.5,1.0,1.0,0.1,0.0,0.0,0.5,0.0,0.0,0.613147,0.5,1.0,1.0,0.1
1137,1,1.0,1.0,1.0,1.0,0.1,1.0,1.0,1.0,1.0,0.1,1.0,1.0,1.0,1.0,0.1,1.0,1.0,1.0,1.0,0.1,1.0,1.0,1.0,1.0,0.1,0.0,0.0,1.0,0.0,0.0,1.0,1.0,1.0,1.0,0.1
1140,1,0.356207,1.0,1.0,1.0,0.1,1.0,1.0,1.0,1.0,0.1,0.63093,1.0,1.0,1.0,0.1,1.0,1.0,1.0,1.0,0.1,0.63093,1.0,1.0,1.0,0.1,1.0,1.0,1.0,1.0,0.1,1.0,1.0,1.0,1.0,0.1
1144,1,1.0,1.0,1.0,1.0,0.1,1.0,1.0,1.0,1.0,0.1,1.0,1.0,1.0,1.0,0.1,1.0,1.0,1.0,1.0,0.1,1.0,1.0,1.0,1.0,0.1,0.5,1.0,1.0,1.0,0.1,1.0,1.0,1.0,1.0,0.1
1146,1,1.0,1.0,1.0,1.0,0.1,1.0,1.0,1.0,1.0,0.1,1.0,1.0,1.0,1.0,0.1,1.0,1.0,1.0,1.0,0.1,1.0,1.0,1.0,1.0,0.1,0.0,0.0,0.0,0.0,0.0,1.0,1.0,1.0,1.0,0.1
1150,1,1.0,1.0,1.0,1.0,0.1,1.0,1.0,1.0,1.0,0.1,1.0,1.0,1.0,1.0,0.1,1.0,1.0,1.0,1.0,0.1,1.0,1.0,1.0,1.0,0.1,0.386853,1.0,1.0,1.0,0.1,1.0,1.0,1.0,1.0,0.1
1163,1,1.0,1.0,1.0,1.0,0.1,1.0,1.0,1.0,1.0,0.1,1.0,1.0,1.0,1.0,0.1,1.0,1.0,1.0,1.0,0.1,1.0,1.0,1.0,1.0,0.1,0.5,1.0,1.0,1.0,0.1,1.0,1.0,1.0,1.0,0.1
1175,1,0.0,0.0,1.0,0.0,0.0,0.0,0.0,0.0,0.0,0.0,0.0,0.0,0.0,0.0,0.0,0.0,0.0,0.0,0.0,0.0,0.0,0.0,0.0,0.0,0.0,0.0,0.0,0.0,0.0,0.0,0.0,0.0,1.0,0.0,0.0
1179,1,0.30103,1.0,1.0,1.0,0.1,0.0,0.0,0.0,0.0,0.0,0.0,0.0,1.0,0.0,0.0,0.0,0.0,0.0,0.0,0.0,0.0,0.0,0.0,0.0,0.0,0.0,0.0,0.0,0.0,0.0,0.0,0.0,1.0,0.0,0.0
1180,1,0.386853,1.0,1.0,1.0,0.1,0.0,0.0,1.0,0.0,0.0,0.430677,1.0,1.0,1.0,0.1,0.0,0.0,1.0,0.0,0.0,0.0,0.0,1.0,0.0,0.0,0.0,0.0,0.0,0.0,0.0,0.5,1.0,1.0,1.0,0.1
1185,1,1.0,1.0,1.0,1.0,0.1,0.5,1.0,1.0,1.0,0.1,1.0,1.0,1.0,1.0,0.1,1.0,1.0,1.0,1.0,0.1,1.0,1.0,1.0,1.0,0.1,0.430677,1.0,1.0,1.0,0.1,1.0,1.0,1.0,1.0,0.1
1187,1,1.0,1.0,1.0,1.0,0.1,0.63093,1.0,1.0,1.0,0.1,1.0,1.0,1.0,1.0,0.1,1.0,1.0,1.0,1.0,0.1,1.0,1.0,1.0,1.0,0.1,0.315465,1.0,1.0,1.0,0.1,1.0,1.0,1.0,1.0,0.1
1191,1,0.0,0.0,0.0,0.0,0.0,0.63093,1.0,1.0,1.0,0.1,0.0,0.0,1.0,0.0,0.0,0.0,0.0,1.0,0.0,0.0,0.0,0.0,1.0,0.0,0.0,0.333333,1.0,1.0,1.0,0.1,0.0,0.0,1.0,0.0,0.0
1194,1,0.430677,1.0,1.0,1.0,0.1,1.0,1.0,1.0,1.0,0.1,0.5,1.0,1.0,1.0,0.1,1.0,1.0,1.0,1.0,0.1,1.0,1.0,1.0,1.0,0.1,0.0,0.0,1.0,0.0,0.0,0.63093,1.0,1.0,1.0,0.1
1196,1,0.0,0.0,0.0,0.0,0.0,0.386853,1.0,1.0,1.0,0.1,0.430677,1.0,1.0,1.0,0.1,0.430677,1.0,1.0,1.0,0.1,0.386853,1.0,1.0,1.0,0.1,0.0,0.0,0.0,0.0,0.0,0.0,0.0,1.0,0.0,0.0
1197,1,0.0,0.0,0.0,0.0,0.0,0.386853,1.0,1.0,1.0,0.1,0.430677,1.0,1.0,1.0,0.1,0.430677,1.0,1.0,1.0,0.1,0.386853,1.0,1.0,1.0,0.1,0.0,0.0,0.0,0.0,0.0,0.0,0.0,1.0,0.0,0.0
1199,1,0.0,0.0,0.0,0.0,0.0,0.0,0.0,0.0,0.0,0.0,0.0,0.0,0.0,0.0,0.0,0.0,0.0,0.0,0.0,0.0,0.0,0.0,0.0,0.0,0.0,0.0,0.0,0.0,0.0,0.0,0.0,0.0,0.0,0.0,0.0
1200,1,0.0,0.0,0.0,0.0,0.0,0.0,0.0,0.0,0.0,0.0,0.315465,1.0,1.0,1.0,0.1,0.0,0.0,1.0,0.0,0.0,0.0,0.0,1.0,0.0,0.0,0.0,0.0,0.0,0.0,0.0,0.0,0.0,0.0,0.0,0.0
1202,1,1.0,1.0,1.0,1.0,0.1,0.63093,1.0,1.0,1.0,0.1,0.5,1.0,1.0,1.0,0.1,0.63093,1.0,1.0,1.0,0.1,0.63093,1.0,1.0,1.0,0.1,1.0,1.0,1.0,1.0,0.1,1.0,1.0,1.0,1.0,0.1
1204,1,1.0,1.0,1.0,1.0,0.1,1.0,1.0,1.0,1.0,0.1,1.0,1.0,1.0,1.0,0.1,1.0,1.0,1.0,1.0,0.1,1.0,1.0,1.0,1.0,0.1,0.430677,1.0,1.0,1.0,0.1,1.0,1.0,1.0,1.0,0.1
1207,1,1.0,1.0,1.0,1.0,0.1,1.0,1.0,1.0,1.0,0.1,1.0,1.0,1.0,1.0,0.1,1.0,1.0,1.0,1.0,0.1,1.0,1.0,1.0,1.0,0.1,0.356207,1.0,1.0,1.0,0.1,1.0,1.0,1.0,1.0,0.1
1213,1,0.0,0.0,0.0,0.0,0.0,0.0,0.0,1.0,0.0,0.0,0.0,0.0,1.0,0.0,0.0,0.0,0.0,0.0,0.0,0.0,0.0,0.0,0.0,0.0,0.0,0.0,0.0,0.0,0.0,0.0,0.0,0.0,0.0,0.0,0.0
1216,1,1.0,1.0,1.0,1.0,0.1,1.0,1.0,1.0,1.0,0.1,1.0,1.0,1.0,1.0,0.1,1.0,1.0,1.0,1.0,0.1,1.0,1.0,1.0,1.0,0.1,0.0,0.0,1.0,0.0,0.0,1.0,1.0,1.0,1.0,0.1
1221,1,0.0,0.0,0.0,0.0,0.0,0.315465,1.0,1.0,1.0,0.1,0.0,0.0,1.0,0.0,0.0,0.0,0.0,1.0,0.0,0.0,0.0,0.0,1.0,0.0,0.0,0.0,0.0,1.0,0.0,0.0,0.0,0.0,1.0,0.0,0.0
1225,1,1.0,1.0,1.0,1.0,0.1,1.0,1.0,1.0,1.0,0.1,0.333333,1.0,1.0,1.0,0.1,0.386853,1.0,1.0,1.0,0.1,0.386853,1.0,1.0,1.0,0.1,0.5,1.0,1.0,1.0,0.1,1.0,1.0,1.0,1.0,0.1
1226,1,0.0,0.0,1.0,0.0,0.0,0.0,0.0,0.0,0.0,0.0,0.0,0.0,0.0,0.0,0.0,0.0,0.0,0.0,0.0,0.0,0.0,0.0,0.0,0.0,0.0,0.0,0.0,0.0,0.0,0.0,0.0,0.0,1.0,0.0,0.0
1232,1,1.0,1.0,1.0,1.0,0.1,1.0,1.0,1.0,1.0,0.1,1.0,1.0,1.0,1.0,0.1,1.0,1.0,1.0,1.0,0.1,1.0,1.0,1.0,1.0,0.1,0.0,0.0,0.0,0.0,0.0,1.0,1.0,1.0,1.0,0.1
1241,1,0.0,0.0,0.0,0.0,0.0,1.0,1.0,1.0,1.0,0.1,0.63093,1.0,1.0,1.0,0.1,0.5,1.0,1.0,1.0,0.1,0.63093,1.0,1.0,1.0,0.1,1.0,1.0,1.0,1.0,0.1,0.0,0.0,1.0,0.0,0.0
1245,1,0.0,0.0,1.0,0.0,0.0,0.30103,1.0,1.0,1.0,0.1,0.333333,1.0,1.0,1.0,0.1,0.63093,1.0,1.0,1.0,0.1,0.63093,1.0,1.0,1.0,0.1,1.0,1.0,1.0,1.0,0.1,0.5,1.0,1.0,1.0,0.1
1259,1,0.63093,1.0,1.0,1.0,0.1,0.63093,1.0,1.0,1.0,0.1,0.5,1.0,1.0,1.0,0.1,0.63093,1.0,1.0,1.0,0.1,1.0,1.0,1.0,1.0,0.1,0.0,0.0,1.0,0.0,0.0,0.63093,1.0,1.0,1.0,0.1
1262,1,1.0,1.0,1.0,1.0,0.1,1.0,1.0,1.0,1.0,0.1,1.0,1.0,1.0,1.0,0.1,1.0,1.0,1.0,1.0,0.1,1.0,1.0,1.0,1.0,0.1,0.0,0.0,1.0,0.0,0.0,1.0,1.0,1.0,1.0,0.1
1266,1,1.0,1.0,1.0,1.0,0.1,0.386853,1.0,1.0,1.0,0.1,1.0,1.0,1.0,1.0,0.1,1.0,1.0,1.0,1.0,0.1,1.0,1.0,1.0,1.0,0.1,1.0,1.0,1.0,1.0,0.1,1.0,1.0,1.0,1.0,0.1
1270,1,1.0,1.0,1.0,1.0,0.1,1.0,1.0,1.0,1.0,0.1,1.0,1.0,1.0,1.0,0.1,1.0,1.0,1.0,1.0,0.1,1.0,1.0,1.0,1.0,0.1,1.0,1.0,1.0,1.0,0.1,1.0,1.0,1.0,1.0,0.1
1271,1,1.0,1.0,1.0,1.0,0.1,1.0,1.0,1.0,1.0,0.1,1.0,1.0,1.0,1.0,0.1,1.0,1.0,1.0,1.0,0.1,1.0,1.0,1.0,1.0,0.1,1.0,1.0,1.0,1.0,0.1,1.0,1.0,1.0,1.0,0.1
1272,1,0.430677,1.0,1.0,1.0,0.1,0.0,0.0,1.0,0.0,0.0,0.0,0.0,0.0,0.0,0.0,0.0,0.0,1.0,0.0,0.0,0.0,0.0,1.0,0.0,0.0,0.0,0.0,0.0,0.0,0.0,0.333333,1.0,1.0,1.0,0.1
1273,1,1.0,1.0,1.0,1.0,0.1,1.0,1.0,1.0,1.0,0.1,1.0,1.0,1.0,1.0,0.1,1.0,1.0,1.0,1.0,0.1,1.0,1.0,1.0,1.0,0.1,1.0,1.0,1.0,1.0,0.1,1.0,1.0,1.0,1.0,0.1
1274,3,0.66535,1.0,1.0,1.0,0.3,0.946902,1.0,1.0,1.0,0.3,0.921787,1.0,1.0,1.0,0.3,0.871079,1.0,1.0,1.0,0.3,0.860344,1.0,1.0,1.0,0.3,0.498189,0.666667,1.0,1.0,0.2,0.871079,1.0,1.0,1.0,0.3
1278,1,0.0,0.0,0.0,0.0,0.0,1.0,1.0,1.0,1.0,0.1,1.0,1.0,1.0,1.0,0.1,1.0,1.0,1.0,1.0,0.1,1.0,1.0,1.0,1.0,0.1,1.0,1.0,1.0,1.0,0.1,0.0,0.0,1.0,0.0,0.0
1279,1,0.0,0.0,0.0,0.0,0.0,1.0,1.0,1.0,1.0,0.1,1.0,1.0,1.0,1.0,0.1,1.0,1.0,1.0,1.0,0.1,1.0,1.0,1.0,1.0,0.1,1.0,1.0,1.0,1.0,0.1,0.0,0.0,1.0,0.0,0.0
1280,1,0.0,0.0,1.0,0.0,0.0,0.0,0.0,1.0,0.0,0.0,0.0,0.0,1.0,0.0,0.0,0.0,0.0,1.0,0.0,0.0,0.0,0.0,1.0,0.0,0.0,0.0,0.0,1.0,0.0,0.0,0.333333,1.0,1.0,1.0,0.1
1281,1,0.0,0.0,0.0,0.0,0.0,0.315465,1.0,1.0,1.0,0.1,0.0,0.0,1.0,0.0,0.0,0.315465,1.0,1.0,1.0,0.1,0.289065,1.0,1.0,1.0,0.1,0.356207,1.0,1.0,1.0,0.1,0.0,0.0,1.0,0.0,0.0
1282,1,1.0,1.0,1.0,1.0,0.1,1.0,1.0,1.0,1.0,0.1,1.0,1.0,1.0,1.0,0.1,1.0,1.0,1.0,1.0,0.1,1.0,1.0,1.0,1.0,0.1,0.0,0.0,0.0,0.0,0.0,1.0,1.0,1.0,1.0,0.1
1290,1,1.0,1.0,1.0,1.0,0.1,1.0,1.0,1.0,1.0,0.1,1.0,1.0,1.0,1.0,0.1,1.0,1.0,1.0,1.0,0.1,1.0,1.0,1.0,1.0,0.1,0.430677,1.0,1.0,1.0,0.1,1.0,1.0,1.0,1.0,0.1
1292,1,1.0,1.0,1.0,1.0,0.1,1.0,1.0,1.0,1.0,0.1,1.0,1.0,1.0,1.0,0.1,0.315465,1.0,1.0,1.0,0.1,1.0,1.0,1.0,1.0,0.1,0.63093,1.0,1.0,1.0,0.1,1.0,1.0,1.0,1.0,0.1
1298,1,1.0,1.0,1.0,1.0,0.1,1.0,1.0,1.0,1.0,0.1,1.0,1.0,1.0,1.0,0.1,1.0,1.0,1.0,1.0,0.1,1.0,1.0,1.0,1.0,0.1,0.0,0.0,0.0,0.0,0.0,1.0,1.0,1.0,1.0,0.1
1303,1,1.0,1.0,1.0,1.0,0.1,1.0,1.0,1.0,1.0,0.1,0.386853,1.0,1.0,1.0,0.1,0.386853,1.0,1.0,1.0,0.1,0.5,1.0,1.0,1.0,0.1,0.0,0.0,1.0,0.0,0.0,1.0,1.0,1.0,1.0,0.1
1316,1,0.0,0.0,1.0,0.0,0.0,0.0,0.0,1.0,0.0,0.0,0.0,0.0,1.0,0.0,0.0,0.0,0.0,1.0,0.0,0.0,0.0,0.0,1.0,0.0,0.0,0.0,0.0,1.0,0.0,0.0,0.0,0.0,1.0,0.0,0.0
1319,1,0.430677,1.0,1.0,1.0,0.1,1.0,1.0,1.0,1.0,0.1,1.0,1.0,1.0,1.0,0.1,1.0,1.0,1.0,1.0,0.1,1.0,1.0,1.0,1.0,0.1,1.0,1.0,1.0,1.0,0.1,0.63093,1.0,1.0,1.0,0.1
1320,1,1.0,1.0,1.0,1.0,0.1,1.0,1.0,1.0,1.0,0.1,1.0,1.0,1.0,1.0,0.1,1.0,1.0,1.0,1.0,0.1,1.0,1.0,1.0,1.0,0.1,0.63093,1.0,1.0,1.0,0.1,1.0,1.0,1.0,1.0,0.1
1332,1,0.0,0.0,0.0,0.0,0.0,0.0,0.0,0.0,0.0,0.0,0.0,0.0,0.0,0.0,0.0,0.0,0.0,0.0,0.0,0.0,0.0,0.0,0.0,0.0,0.0,0.0,0.0,0.0,0.0,0.0,0.0,0.0,0.0,0.0,0.0
1335,1,1.0,1.0,1.0,1.0,0.1,1.0,1.0,1.0,1.0,0.1,0.5,1.0,1.0,1.0,0.1,1.0,1.0,1.0,1.0,0.1,1.0,1.0,1.0,1.0,0.1,0.63093,1.0,1.0,1.0,0.1,1.0,1.0,1.0,1.0,0.1
1336,1,1.0,1.0,1.0,1.0,0.1,1.0,1.0,1.0,1.0,0.1,0.5,1.0,1.0,1.0,0.1,1.0,1.0,1.0,1.0,0.1,1.0,1.0,1.0,1.0,0.1,0.63093,1.0,1.0,1.0,0.1,1.0,1.0,1.0,1.0,0.1
1337,1,1.0,1.0,1.0,1.0,0.1,0.289065,1.0,1.0,1.0,0.1,1.0,1.0,1.0,1.0,0.1,0.0,0.0,1.0,0.0,0.0,0.0,0.0,1.0,0.0,0.0,0.0,0.0,0.0,0.0,0.0,0.430677,1.0,1.0,1.0,0.1
1339,1,1.0,1.0,1.0,1.0,0.1,1.0,1.0,1.0,1.0,0.1,1.0,1.0,1.0,1.0,0.1,1.0,1.0,1.0,1.0,0.1,1.0,1.0,1.0,1.0,0.1,1.0,1.0,1.0,1.0,0.1,1.0,1.0,1.0,1.0,0.1
1344,1,1.0,1.0,1.0,1.0,0.1,0.63093,1.0,1.0,1.0,0.1,0.63093,1.0,1.0,1.0,0.1,0.63093,1.0,1.0,1.0,0.1,0.63093,1.0,1.0,1.0,0.1,0.5,1.0,1.0,1.0,0.1,0.63093,1.0,1.0,1.0,0.1
1352,1,1.0,1.0,1.0,1.0,0.1,1.0,1.0,1.0,1.0,0.1,1.0,1.0,1.0,1.0,0.1,1.0,1.0,1.0,1.0,0.1,1.0,1.0,1.0,1.0,0.1,1.0,1.0,1.0,1.0,0.1,1.0,1.0,1.0,1.0,0.1
1359,1,1.0,1.0,1.0,1.0,0.1,1.0,1.0,1.0,1.0,0.1,1.0,1.0,1.0,1.0,0.1,1.0,1.0,1.0,1.0,0.1,1.0,1.0,1.0,1.0,0.1,1.0,1.0,1.0,1.0,0.1,1.0,1.0,1.0,1.0,0.1
1362,1,0.5,1.0,1.0,1.0,0.1,0.0,0.0,1.0,0.0,0.0,0.0,0.0,0.0,0.0,0.0,0.0,0.0,1.0,0.0,0.0,0.0,0.0,0.0,0.0,0.0,0.0,0.0,0.0,0.0,0.0,0.289065,1.0,1.0,1.0,0.1
1363,1,1.0,1.0,1.0,1.0,0.1,0.0,0.0,1.0,0.0,0.0,0.0,0.0,1.0,0.0,0.0,0.0,0.0,1.0,0.0,0.0,0.0,0.0,1.0,0.0,0.0,0.0,0.0,1.0,0.0,0.0,0.386853,1.0,1.0,1.0,0.1
1368,1,0.0,0.0,1.0,0.0,0.0,0.0,0.0,1.0,0.0,0.0,1.0,1.0,1.0,1.0,0.1,1.0,1.0,1.0,1.0,0.1,1.0,1.0,1.0,1.0,0.1,0.0,0.0,0.0,0.0,0.0,0.0,0.0,1.0,0.0,0.0
1370,1,0.356207,1.0,1.0,1.0,0.1,0.5,1.0,1.0,1.0,0.1,1.0,1.0,1.0,1.0,0.1,1.0,1.0,1.0,1.0,0.1,1.0,1.0,1.0,1.0,0.1,0.0,0.0,0.0,0.0,0.0,1.0,1.0,1.0,1.0,0.1
1379,4,0.397322,0.5,1.0,1.0,0.2,0.95583,1.0,1.0,1.0,0.4,0.917655,1.0,1.0,1.0,0.4,0.875646,1.0,1.0,1.0,0.4,0.731568,1.0,1.0,1.0,0.4,0.246302,0.25,0.75,1.0,0.1,0.688634,0.75,1.0,1.0,0.3
1382,1,0.0,0.0,1.0,0.0,0.0,1.0,1.0,1.0,1.0,0.1,1.0,1.0,1.0,1.0,0.1,1.0,1.0,1.0,1.0,0.1,1.0,1.0,1.0,1.0,0.1,1.0,1.0,1.0,1.0,0.1,0.386853,1.0,1.0,1.0,0.1
1385,1,1.0,1.0,1.0,1.0,0.1,0.63093,1.0,1.0,1.0,0.1,0.63093,1.0,1.0,1.0,0.1,0.5,1.0,1.0,1.0,0.1,0.63093,1.0,1.0,1.0,0.1,1.0,1.0,1.0,1.0,0.1,0.63093,1.0,1.0,1.0,0.1
1389,1,1.0,1.0,1.0,1.0,0.1,1.0,1.0,1.0,1.0,0.1,1.0,1.0,1.0,1.0,0.1,1.0,1.0,1.0,1.0,0.1,1.0,1.0,1.0,1.0,0.1,0.63093,1.0,1.0,1.0,0.1,1.0,1.0,1.0,1.0,0.1
1395,1,0.0,0.0,1.0,0.0,0.0,0.5,1.0,1.0,1.0,0.1,1.0,1.0,1.0,1.0,0.1,0.5,1.0,1.0,1.0,0.1,0.5,1.0,1.0,1.0,0.1,0.0,0.0,1.0,0.0,0.0,0.430677,1.0,1.0,1.0,0.1
