query_id,top_k_alpha_ndcg,top_k_s_recall,top_k_ndcg10,top_k_recall10,top_k_ild,top_k_distractor_rate,mmr_0.7_alpha_ndcg,mmr_0.7_s_recall,mmr_0.7_ndcg10,mmr_0.7_recall10,mmr_0.7_ild,mmr_0.7_distractor_rate,mmr_0.3_alpha_ndcg,mmr_0.3_s_recall,mmr_0.3_ndcg10,mmr_0.3_recall10,mmr_0.3_ild,mmr_0.3_distractor_rate,dpp_alpha_ndcg,dpp_s_recall,dpp_ndcg10,dpp_recall10,dpp_ild,dpp_distractor_rate,cluster_rr_alpha_ndcg,cluster_rr_s_recall,cluster_rr_ndcg10,cluster_rr_recall10,cluster_rr_ild,cluster_rr_distractor_rate,outlier_0.2_alpha_ndcg,outlier_0.2_s_recall,outlier_0.2_ndcg10,outlier_0.2_recall10,outlier_0.2_ild,outlier_0.2_distractor_rate,outlier_0.4_alpha_ndcg,outlier_0.4_s_recall,outlier_0.4_ndcg10,outlier_0.4_recall10,outlier_0.4_ild,outlier_0.4_distractor_rate
q0000,0.794968,0.6,1.0,0.166667,0.279432,0.0,0.753854,0.6,1.0,0.166667,0.364595,0.0,0.747916,0.6,1.0,0.166667,0.395161,0.0,0.859187,1.0,0.889954,0.15,0.445348,0.1,0.74366,0.6,1.0,0.166667,0.276774,0.0,0.93019,1.0,1.0,0.166667,0.299307,0.0,0.931039,1.0,0.936379,0.15,0.316805,0.1
q0001,0.765363,0.5,1.0,0.166667,0.248647,0.0,0.813985,0.5,0.905212,0.15,0.271339,0.1,0.711671,0.5,0.706563,0.116667,0.304667,0.3,0.773161,0.5,0.677273,0.1,0.35824,0.4,0.817532,0.5,1.0,0.166667,0.257294,0.0,0.737945,0.5,0.870125,0.133333,0.274621,0.2,0.678046,0.5,0.72733,0.1,0.302409,0.4
q0002,0.462514,0.25,0.933746,0.15,0.302483,0.1,0.462698,0.25,1.0,0.166667,0.322728,0.0,0.724248,0.75,0.672239,0.1,0.463576,0.4,0.716823,0.75,0.613653,0.083333,0.493551,0.5,0.44343,0.25,0.643768,0.1,0.324174,0.4,0.54908,0.5,0.933746,0.15,0.349937,0.1,0.688666,0.75,0.926636,0.15,0.346854,0.1
q0003,0.589445,0.333333,1.0,0.166667,0.319481,0.0,0.593356,0.333333,1.0,0.166667,0.360905,0.0,0.910231,0.833333,0.905212,0.15,0.43345,0.1,0.852684,0.666667,0.926636,0.15,0.459071,0.1,0.679948,0.5,0.851236,0.133333,0.338739,0.2,0.645316,0.5,0.933746,0.15,0.368028,0.1,0.801696,0.833333,0.926636,0.15,0.387349,0.1
q0004,0.404636,0.2,0.74167,0.116667,0.364782,0.3,0.619962,0.6,0.820069,0.133333,0.419101,0.2,0.712175,0.8,0.642187,0.083333,0.47724,0.5,0.809964,1.0,0.770204,0.116667,0.468848,0.3,0.540658,0.4,0.811556,0.133333,0.40202,0.2,0.519863,0.4,0.74167,0.116667,0.423666,0.3,0.595984,0.6,0.678049,0.1,0.403821,0.4
q0005,0.625164,0.333333,0.905212,0.15,0.390987,0.1,0.756196,0.666667,0.914857,0.15,0.446775,0.1,0.880899,0.833333,0.930569,0.15,0.501091,0.1,0.885261,0.833333,0.914857,0.15,0.509154,0.1,0.676001,0.5,0.857205,0.133333,0.449353,0.2,0.695479,0.5,0.905212,0.15,0.441494,0.1,0.736505,0.5,0.905212,0.15,0.440681,0.1
q0006,0.412596,0.2,0.74167,0.116667,0.272329,0.3,0.36585,0.2,0.577905,0.1,0.281446,0.4,0.621576,0.8,0.535709,0.083333,0.475732,0.5,0.635339,0.8,0.545521,0.083333,0.499386,0.5,0.544144,0.4,0.680905,0.1,0.378021,0.4,0.569431,0.6,0.74167,0.116667,0.374327,0.3,0.647385,0.8,0.675416,0.1,0.457194,0.4
q0007,0.297251,0.166667,0.575074,0.116667,0.27563,0.3,0.570843,0.5,0.637889,0.116667,0.371582,0.3,0.61522,0.5,0.713654,0.133333,0.366251,0.2,0.59397,0.5,0.635256,0.116667,0.390814,0.3,0.528602,0.5,0.575074,0.116667,0.359204,0.3,0.470474,0.5,0.575074,0.116667,0.31915,0.3,0.469668,0.5,0.445199,0.083333,0.303634,0.5
q0008,0.449305,0.25,0.905212,0.15,0.313977,0.1,0.451802,0.25,0.933746,0.15,0.33542,0.1,0.81276,1.0,0.767027,0.116667,0.442578,0.3,0.760502,1.0,0.721802,0.116667,0.43583,0.3,0.448974,0.25,0.841591,0.133333,0.323784,0.2,0.53669,0.5,0.841591,0.133333,0.351468,0.2,0.584116,0.5,0.769526,0.116667,0.329544,0.3
q0009,0.617873,0.333333,1.0,0.166667,0.287535,0.0,0.676918,0.5,1.0,0.166667,0.337086,0.0,0.811991,0.666667,0.841493,0.133333,0.396006,0.2,0.811991,0.666667,0.841493,0.133333,0.415124,0.2,0.701919,0.5,1.0,0.166667,0.289584,0.0,0.6908,0.5,0.936379,0.15,0.295892,0.1,0.79512,0.666667,0.930569,0.15,0.306087,0.1
q0010,0.581208,0.4,0.751092,0.133333,0.264718,0.2,0.657381,0.4,0.795166,0.133333,0.316027,0.2,0.62456,0.6,0.536554,0.083333,0.35792,0.5,0.665178,0.6,0.588467,0.083333,0.402156,0.5,0.620932,0.4,0.724153,0.116667,0.278738,0.3,0.548495,0.4,0.621217,0.1,0.294834,0.4,0.574828,0.6,0.542042,0.083333,0.268346,0.5
q0011,0.496048,0.333333,0.687195,0.1,0.367819,0.4,0.555594,0.333333,0.738557,0.116667,0.356418,0.3,0.816337,0.666667,0.848603,0.133333,0.46112,0.2,0.837557,0.833333,0.831848,0.133333,0.47072,0.2,0.653364,0.5,0.745302,0.116667,0.397639,0.3,0.573071,0.5,0.689829,0.1,0.435015,0.4,0.615649,0.5,0.757382,0.116667,0.450366,0.3
q0012,0.27843,0.166667,0.485814,0.083333,0.328782,0.5,0.266071,0.166667,0.454844,0.083333,0.328782,0.5,0.504765,0.5,0.498271,0.083333,0.520069,0.5,0.428774,0.5,0.388225,0.066667,0.534823,0.6,0.236943,0.333333,0.227162,0.05,0.468534,0.7,0.35879,0.333333,0.552068,0.1,0.384834,0.4,0.519379,0.666667,0.615689,0.116667,0.456659,0.3
q0013,0.589963,0.333333,0.914857,0.15,0.347133,0.1,0.538662,0.333333,0.861138,0.15,0.349807,0.1,0.619041,0.5,0.697596,0.116667,0.417439,0.3,0.665656,0.666667,0.669126,0.1,0.422147,0.4,0.555056,0.333333,0.777872,0.116667,0.345383,0.3,0.733243,0.666667,0.914857,0.15,0.369466,0.1,0.791151,0.833333,0.848603,0.133333,0.349365,0.2
q0014,0.594123,0.333333,0.863015,0.133333,0.292008,0.2,0.712518,0.5,0.889954,0.15,0.32068,0.1,0.862047,0.833333,0.800694,0.116667,0.410232,0.3,0.855093,0.833333,0.772838,0.116667,0.436356,0.3,0.688254,0.5,0.889954,0.15,0.306893,0.1,0.664438,0.5,0.863015,0.133333,0.307921,0.2,0.711479,0.5,0.930569,0.15,0.313986,0.1
q0015,0.659406,0.6,0.747159,0.116667,0.289511,0.3,0.699576,0.6,0.746705,0.116667,0.304842,0.3,0.613236,0.6,0.614952,0.1,0.320968,0.4,0.740664,0.8,0.706563,0.116667,0.330885,0.3,0.739101,0.8,0.787774,0.133333,0.296887,0.2,0.707769,0.8,0.680905,0.1,0.293674,0.4,0.775597,0.8,0.81659,0.133333,0.301746,0.2
q0016,0.433784,0.25,0.724153,0.116667,0.273658,0.3,0.452509,0.25,0.738192,0.116667,0.273396,0.3,0.571675,0.5,0.541588,0.083333,0.512781,0.5,0.700942,1.0,0.547853,0.083333,0.5631,0.5,0.782206,0.75,0.791727,0.116667,0.486074,0.3,0.566326,0.5,0.787774,0.133333,0.39074,0.2,0.663948,0.75,0.794883,0.133333,0.490564,0.2
q0017,0.391629,0.166667,0.860382,0.133333,0.294994,0.2,0.381107,0.166667,0.662016,0.1,0.380687,0.4,0.462149,0.333333,0.57369,0.083333,0.444471,0.5,0.69436,0.833333,0.669126,0.1,0.465942,0.4,0.534113,0.5,0.750637,0.116667,0.393099,0.3,0.464717,0.333333,0.860382,0.133333,0.302832,0.2,0.543853,0.5,0.860382,0.133333,0.384387,0.2
q0018,0.65083,0.4,1.0,0.166667,0.317546,0.0,0.714455,0.6,1.0,0.166667,0.371423,0.0,0.898358,0.8,1.0,0.166667,0.449215,0.0,0.897458,0.8,1.0,0.166667,0.457836,0.0,0.778031,0.6,1.0,0.166667,0.410816,0.0,0.803874,0.8,1.0,0.166667,0.418942,0.0,0.858419,0.8,1.0,0.166667,0.448064,0.0
q0019,0.698967,0.5,1.0,0.166667,0.23241,0.0,0.667125,0.5,1.0,0.166667,0.304155,0.0,0.749664,0.75,0.820523,0.133333,0.403782,0.2,0.837726,1.0,0.8237,0.133333,0.419068,0.2,0.682962,0.5,1.0,0.166667,0.321956,0.0,0.775682,0.75,0.933746,0.15,0.294538,0.1,0.802064,0.75,0.860382,0.133333,0.299609,0.2
q0020,0.846232,0.75,0.933746,0.15,0.237842,0.1,0.797285,0.75,0.8237,0.133333,0.260399,0.2,0.591584,0.75,0.530263,0.083333,0.320904,0.5,0.630526,0.75,0.551785,0.083333,0.326334,0.5,0.745934,0.75,0.775337,0.116667,0.245782,0.3,0.868333,0.75,1.0,0.166667,0.261693,0.0,0.846141,0.75,0.936379,0.15,0.262508,0.1
q0021,0.371418,0.166667,0.68166,0.116667,0.260156,0.3,0.37112,0.166667,0.677728,0.116667,0.309026,0.3,0.442533,0.333333,0.399569,0.05,0.440502,0.7,0.505944,0.5,0.472157,0.066667,0.438116,0.6,0.361156,0.166667,0.590049,0.1,0.34117,0.4,0.525227,0.5,0.68166,0.116667,0.308453,0.3,0.535337,0.5,0.621217,0.1,0.360372,0.4
q0022,0.313804,0.2,0.631144,0.116667,0.271009,0.3,0.313804,0.2,0.631144,0.116667,0.271009,0.3,0.538617,0.6,0.527067,0.1,0.415225,0.4,0.430119,0.6,0.357058,0.066667,0.455099,0.6,0.566169,0.6,0.564525,0.1,0.362503,0.4,0.397315,0.4,0.628511,0.116667,0.313887,0.3,0.480947,0.6,0.555147,0.1,0.366895,0.4
q0023,0.361365,0.333333,0.461589,0.083333,0.228248,0.5,0.362796,0.333333,0.470556,0.083333,0.228248,0.5,0.268071,0.333333,0.31955,0.066667,0.375089,0.6,0.246252,0.333333,0.300526,0.066667,0.376977,0.6,0.272354,0.333333,0.257875,0.05,0.324583,0.7,0.465369,0.666667,0.52521,0.1,0.251542,0.4,0.504785,0.666667,0.451846,0.083333,0.261083,0.5
q0024,0.444748,0.333333,0.642924,0.116667,0.381861,0.3,0.438085,0.333333,0.625334,0.116667,0.420517,0.3,0.547171,0.833333,0.567682,0.116667,0.408728,0.3,0.559172,0.666667,0.552746,0.1,0.427524,0.4,0.498906,0.5,0.618866,0.116667,0.382845,0.3,0.52108,0.5,0.706544,0.133333,0.40377,0.2,0.633648,0.666667,0.779908,0.15,0.405987,0.1
q0025,0.388625,0.166667,0.762416,0.116667,0.312814,0.3,0.381432,0.166667,0.667826,0.1,0.321406,0.4,0.614959,0.666667,0.57369,0.083333,0.478745,0.5,0.717467,0.666667,0.696938,0.1,0.502838,0.4,0.459711,0.333333,0.674936,0.1,0.470675,0.4,0.535453,0.5,0.762416,0.116667,0.379035,0.3,0.625601,0.5,0.905212,0.15,0.395474,0.1
q0026,0.640685,0.333333,1.0,0.166667,0.282001,0.0,0.698547,0.5,1.0,0.166667,0.362191,0.0,0.764946,0.666667,0.754269,0.116667,0.525509,0.3,0.748038,0.666667,0.793584,0.116667,0.546403,0.3,0.778625,0.666667,0.866948,0.133333,0.438415,0.2,0.788366,0.666667,1.0,0.166667,0.397429,0.0,0.822568,0.666667,0.936379,0.15,0.434547,0.1
q0027,0.409572,0.2,0.851236,0.133333,0.285131,0.2,0.383297,0.2,0.702631,0.116667,0.319645,0.3,0.538809,0.6,0.56311,0.083333,0.435359,0.5,0.646486,0.8,0.567721,0.083333,0.478779,0.5,0.470273,0.4,0.580148,0.083333,0.36346,0.5,0.48611,0.4,0.848603,0.133333,0.332964,0.2,0.489061,0.4,0.711618,0.1,0.362215,0.4
q0028,0.316242,0.166667,0.713654,0.133333,0.238568,0.2,0.310399,0.166667,0.615689,0.116667,0.273398,0.3,0.581824,0.666667,0.518465,0.1,0.362229,0.4,0.620522,0.666667,0.532878,0.1,0.372152,0.4,0.464417,0.333333,0.635256,0.116667,0.293195,0.3,0.488878,0.5,0.779908,0.15,0.290256,0.1,0.545815,0.5,0.716287,0.133333,0.305463,0.2
q0029,0.667125,0.4,1.0,0.166667,0.306337,0.0,0.704573,0.4,1.0,0.166667,0.331277,0.0,0.744412,0.6,0.738192,0.116667,0.423933,0.3,0.756147,0.6,0.696162,0.1,0.451746,0.4,0.753902,0.6,0.914857,0.15,0.345446,0.1,0.656294,0.4,0.870125,0.133333,0.324671,0.2,0.805776,0.8,0.857205,0.133333,0.359678,0.2
q0030,0.931123,0.75,1.0,0.166667,0.272603,0.0,0.9995,0.75,1.0,0.166667,0.359662,0.0,0.9995,0.75,1.0,0.166667,0.381087,0.0,0.980778,0.75,1.0,0.166667,0.412175,0.0,0.940987,0.75,1.0,0.166667,0.310376,0.0,0.931123,0.75,1.0,0.166667,0.280957,0.0,0.916899,0.75,1.0,0.166667,0.301046,0.0
q0031,0.857789,0.75,1.0,0.166667,0.233667,0.0,0.981455,0.75,1.0,0.166667,0.319021,0.0,0.981381,0.75,1.0,0.166667,0.394731,0.0,0.931324,0.75,0.848603,0.133333,0.417691,0.2,0.973319,0.75,1.0,0.166667,0.287411,0.0,0.897526,0.75,1.0,0.166667,0.301452,0.0,0.833677,0.75,0.933746,0.15,0.335724,0.1
q0032,0.424565,0.166667,0.791706,0.133333,0.277703,0.2,0.419638,0.166667,0.766349,0.133333,0.277703,0.2,0.668686,0.666667,0.614952,0.1,0.377158,0.4,0.749548,0.666667,0.697596,0.116667,0.364486,0.3,0.526517,0.333333,0.520618,0.083333,0.30731,0.5,0.595819,0.5,0.791706,0.133333,0.297019,0.2,0.652447,0.5,0.794883,0.133333,0.310544,0.2
q0033,0.825072,0.6,1.0,0.166667,0.240139,0.0,0.775871,0.6,1.0,0.166667,0.319038,0.0,0.840573,0.8,1.0,0.166667,0.3609,0.0,0.714704,0.6,0.781805,0.116667,0.373943,0.3,0.886739,0.8,1.0,0.166667,0.331641,0.0,0.815778,0.6,0.936379,0.15,0.267511,0.1,0.833306,0.8,0.864315,0.133333,0.286072,0.2
q0034,0.450664,0.25,0.796761,0.116667,0.253507,0.3,0.447025,0.25,0.693663,0.1,0.277084,0.4,0.693147,0.75,0.601572,0.083333,0.486079,0.5,0.598193,0.75,0.503324,0.066667,0.523629,0.6,0.72477,0.75,0.864315,0.133333,0.371879,0.2,0.623964,0.75,0.926636,0.15,0.329799,0.1,0.728163,1.0,0.936379,0.15,0.345502,0.1
q0035,0.36961,0.2,0.529444,0.083333,0.270076,0.5,0.347268,0.2,0.441285,0.066667,0.287031,0.6,0.576282,0.6,0.706563,0.116667,0.340554,0.3,0.687496,0.8,0.716485,0.116667,0.378326,0.3,0.432535,0.4,0.504541,0.083333,0.285836,0.5,0.435102,0.4,0.465823,0.066667,0.277921,0.6,0.499838,0.6,0.467122,0.066667,0.285798,0.6
q0036,0.315592,0.25,0.70151,0.133333,0.222243,0.2,0.310586,0.25,0.621499,0.116667,0.355079,0.3,0.666847,1.0,0.618866,0.116667,0.504679,0.3,0.635414,1.0,0.568458,0.1,0.484279,0.4,0.391299,0.5,0.536356,0.1,0.427201,0.4,0.4444,0.5,0.70151,0.133333,0.327206,0.2,0.55838,0.75,0.70151,0.133333,0.392523,0.2
q0037,0.586173,0.333333,1.0,0.166667,0.305364,0.0,0.608576,0.333333,1.0,0.166667,0.321125,0.0,0.704231,0.666667,0.766349,0.133333,0.445207,0.2,0.7741,0.833333,0.752969,0.116667,0.438043,0.3,0.6504,0.5,0.851236,0.133333,0.380068,0.2,0.729453,0.666667,1.0,0.166667,0.3253,0.0,0.713127,0.666667,0.870125,0.133333,0.378615,0.2
q0038,0.594647,0.333333,0.905212,0.15,0.26888,0.1,0.601804,0.333333,0.914857,0.15,0.310991,0.1,0.752601,0.666667,0.826333,0.133333,0.479392,0.2,0.656338,0.666667,0.601572,0.083333,0.529157,0.5,0.717193,0.666667,0.763193,0.116667,0.452774,0.3,0.654308,0.5,0.838957,0.133333,0.3601,0.2,0.62975,0.5,0.701973,0.1,0.425418,0.4
q0039,0.591779,0.4,0.861138,0.15,0.284067,0.1,0.643426,0.4,0.914857,0.15,0.284542,0.1,0.861467,1.0,0.81659,0.133333,0.472533,0.2,0.804406,1.0,0.683538,0.1,0.499382,0.4,0.641733,0.6,0.678049,0.1,0.398354,0.4,0.65856,0.6,0.797517,0.133333,0.35142,0.2,0.634544,0.6,0.661831,0.1,0.428768,0.4
q0040,0.29214,0.333333,0.486471,0.1,0.311094,0.4,0.248494,0.333333,0.372493,0.083333,0.359071,0.5,0.367793,0.666667,0.362848,0.083333,0.453568,0.5,0.499996,1.0,0.452602,0.1,0.490186,0.4,0.385753,0.666667,0.486471,0.1,0.396541,0.4,0.431779,0.666667,0.486471,0.1,0.375009,0.4,0.557852,1.0,0.555903,0.116667,0.415091,0.3
q0041,0.630383,0.333333,1.0,0.166667,0.277217,0.0,0.604168,0.333333,1.0,0.166667,0.288973,0.0,0.783203,0.666667,0.905212,0.15,0.440708,0.1,0.656331,0.5,0.725735,0.116667,0.471814,0.3,0.699801,0.666667,0.820069,0.133333,0.409791,0.2,0.73687,0.5,1.0,0.166667,0.338437,0.0,0.741694,0.5,0.933746,0.15,0.396739,0.1
q0042,0.64828,0.5,0.861138,0.15,0.350157,0.1,0.757973,0.666667,0.889954,0.15,0.428997,0.1,0.742583,0.666667,0.794883,0.133333,0.5045,0.2,0.823063,0.833333,0.81659,0.133333,0.52751,0.2,0.708664,0.5,0.861138,0.15,0.409191,0.1,0.64828,0.5,0.861138,0.15,0.411562,0.1,0.720138,0.666667,0.797517,0.133333,0.453554,0.2
q0043,0.648177,0.5,0.889954,0.15,0.219804,0.1,0.694226,0.5,0.936379,0.15,0.253189,0.1,0.868333,1.0,0.889954,0.15,0.37124,0.1,0.968032,1.0,1.0,0.166667,0.378827,0.0,0.83817,1.0,0.926636,0.15,0.283288,0.1,0.762674,0.75,0.889954,0.15,0.264557,0.1,0.762085,0.75,0.826333,0.133333,0.300301,0.2
q0044,0.705756,0.5,1.0,0.166667,0.27551,0.0,0.72839,0.5,1.0,0.166667,0.323289,0.0,0.770042,0.833333,0.794883,0.133333,0.458374,0.2,0.692299,0.666667,0.81659,0.133333,0.478395,0.2,0.849734,0.666667,1.0,0.166667,0.333032,0.0,0.812204,0.666667,1.0,0.166667,0.356911,0.0,0.793084,0.666667,0.870125,0.133333,0.420627,0.2
q0045,0.712453,0.6,1.0,0.166667,0.343161,0.0,0.720964,0.6,0.936379,0.15,0.393522,0.1,0.558931,0.6,0.700095,0.116667,0.505418,0.3,0.656234,0.8,0.700095,0.116667,0.519903,0.3,0.783653,0.8,0.936379,0.15,0.434341,0.1,0.850134,1.0,1.0,0.166667,0.383412,0.0,0.822425,1.0,0.933746,0.15,0.428526,0.1
q0046,0.311571,0.25,0.431996,0.083333,0.240315,0.5,0.368745,0.25,0.467103,0.083333,0.248705,0.5,0.222322,0.25,0.179931,0.033333,0.348383,0.8,0.342711,0.5,0.243552,0.05,0.368688,0.7,0.357543,0.25,0.391703,0.066667,0.252288,0.6,0.463856,0.5,0.498251,0.1,0.255179,0.4,0.5873,0.75,0.577425,0.116667,0.286719,0.3
q0047,0.253996,0.25,0.422851,0.083333,0.307382,0.5,0.264199,0.25,0.29026,0.05,0.334338,0.7,0.366766,0.5,0.38196,0.066667,0.37234,0.6,0.45173,0.75,0.393561,0.066667,0.393626,0.6,0.302141,0.5,0.312805,0.066667,0.318345,0.6,0.333363,0.5,0.420217,0.083333,0.340606,0.5,0.457976,0.75,0.482539,0.1,0.359016,0.4
q0048,0.685347,0.4,1.0,0.166667,0.300369,0.0,0.70162,0.4,1.0,0.166667,0.334864,0.0,0.794335,0.6,0.905212,0.15,0.410086,0.1,0.849936,0.8,0.777872,0.116667,0.410524,0.3,0.79394,0.6,1.0,0.166667,0.330375,0.0,0.84229,0.8,1.0,0.166667,0.280028,0.0,0.906929,0.8,1.0,0.166667,0.319246,0.0
q0049,0.237942,0.2,0.571615,0.116667,0.264172,0.3,0.277735,0.2,0.533723,0.1,0.283765,0.4,0.531745,0.8,0.545502,0.1,0.363523,0.4,0.319378,0.4,0.31834,0.05,0.384685,0.7,0.329828,0.4,0.567682,0.116667,0.337059,0.3,0.311392,0.4,0.50536,0.1,0.304344,0.4,0.393238,0.6,0.504061,0.1,0.307336,0.4
q0050,0.544219,0.333333,0.811556,0.133333,0.279035,0.2,0.576044,0.333333,0.820069,0.133333,0.295627,0.2,0.816283,0.833333,0.772838,0.116667,0.502724,0.3,0.637389,0.666667,0.583618,0.083333,0.561709,0.5,0.618593,0.666667,0.681206,0.116667,0.414889,0.3,0.670814,0.666667,0.811556,0.133333,0.334866,0.2,0.711672,0.833333,0.747935,0.116667,0.397311,0.3
q0051,0.355298,0.166667,0.751092,0.133333,0.262517,0.2,0.360428,0.166667,0.681206,0.116667,0.350556,0.3,0.659984,0.5,0.757382,0.116667,0.505804,0.3,0.679643,0.833333,0.681206,0.116667,0.525578,0.3,0.699141,0.666667,0.738192,0.116667,0.412542,0.3,0.427188,0.333333,0.684837,0.116667,0.357913,0.3,0.576471,0.666667,0.677728,0.116667,0.41148,0.3
q0052,0.698967,0.333333,1.0,0.166667,0.200077,0.0,0.698782,0.333333,0.930569,0.15,0.305036,0.1,0.616442,0.333333,0.709375,0.116667,0.371472,0.3,0.712254,0.5,0.658181,0.1,0.406585,0.4,0.770697,0.5,0.905212,0.15,0.326937,0.1,0.690789,0.333333,0.870125,0.133333,0.297422,0.2,0.751864,0.5,0.790951,0.116667,0.3263,0.3
q0053,0.588928,0.4,0.889954,0.15,0.240686,0.1,0.592584,0.4,0.889954,0.15,0.274726,0.1,0.766171,0.8,0.795166,0.133333,0.389031,0.2,0.693336,0.6,0.684018,0.1,0.396246,0.4,0.639436,0.6,0.775994,0.133333,0.276757,0.2,0.573971,0.4,0.760079,0.116667,0.280229,0.3,0.541162,0.4,0.617284,0.083333,0.292925,0.5
q0054,0.487515,0.4,0.930569,0.15,0.270169,0.1,0.554864,0.4,1.0,0.166667,0.317337,0.0,0.486832,0.4,0.795166,0.133333,0.428012,0.2,0.634019,0.8,0.716767,0.116667,0.445596,0.3,0.639797,0.6,1.0,0.166667,0.322211,0.0,0.409721,0.2,0.800694,0.116667,0.354472,0.3,0.488691,0.4,0.793584,0.116667,0.388082,0.3
q0055,0.701506,0.666667,0.795166,0.133333,0.263163,0.2,0.688399,0.5,0.889954,0.15,0.285544,0.1,0.802667,0.666667,0.933746,0.15,0.311859,0.1,0.916894,1.0,0.933746,0.15,0.324662,0.1,0.753085,0.666667,0.81659,0.133333,0.248238,0.2,0.665818,0.5,0.795166,0.133333,0.272619,0.2,0.731798,0.666667,0.795166,0.133333,0.273921,0.2
q0056,0.591403,0.333333,1.0,0.166667,0.287841,0.0,0.683223,0.5,1.0,0.166667,0.338607,0.0,0.845402,0.833333,0.933746,0.15,0.39259,0.1,0.85382,1.0,0.851236,0.133333,0.386118,0.2,0.685166,0.5,0.863015,0.133333,0.362594,0.2,0.582005,0.333333,0.870125,0.133333,0.307048,0.2,0.701096,0.666667,0.857205,0.133333,0.347779,0.2
q0057,0.630417,0.4,0.914857,0.15,0.17934,0.1,0.536233,0.4,0.751092,0.133333,0.317051,0.2,0.7948,1.0,0.766349,0.133333,0.400454,0.2,0.758602,1.0,0.702728,0.116667,0.429141,0.3,0.698646,0.6,0.861138,0.15,0.34176,0.1,0.773075,0.8,0.914857,0.15,0.297232,0.1,0.79675,0.8,0.851236,0.133333,0.375704,0.2
q0058,0.640187,0.4,0.855348,0.133333,0.250648,0.2,0.57732,0.4,0.797517,0.133333,0.324027,0.2,0.761036,0.8,0.861138,0.15,0.369125,0.1,0.639162,0.6,0.702728,0.116667,0.38281,0.3,0.602132,0.4,0.690648,0.1,0.329662,0.4,0.709035,0.6,0.855348,0.133333,0.276981,0.2,0.843429,1.0,0.848238,0.133333,0.30143,0.2
q0059,0.607488,0.4,0.811556,0.133333,0.250512,0.2,0.625594,0.4,0.851236,0.133333,0.338675,0.2,0.753715,0.8,0.760079,0.116667,0.465627,0.3,0.822089,0.8,0.889954,0.15,0.467908,0.1,0.713685,0.8,0.889954,0.15,0.345523,0.1,0.745324,0.8,0.811556,0.133333,0.282641,0.2,0.717695,0.8,0.681681,0.1,0.293971,0.4
q0060,0.362147,0.166667,0.630664,0.1,0.345744,0.4,0.356925,0.166667,0.602808,0.1,0.356717,0.4,0.65243,0.666667,0.652371,0.1,0.500175,0.4,0.799022,0.833333,0.791706,0.133333,0.539183,0.2,0.533648,0.5,0.607842,0.1,0.409397,0.4,0.510222,0.5,0.696918,0.116667,0.391819,0.3,0.595061,0.5,0.766349,0.133333,0.406539,0.2
q0061,0.388947,0.2,0.766349,0.133333,0.271198,0.2,0.391264,0.2,0.70974,0.116667,0.29084,0.3,0.45391,0.4,0.541588,0.083333,0.497804,0.5,0.546866,0.6,0.570404,0.083333,0.489072,0.5,0.481307,0.6,0.428365,0.066667,0.454976,0.6,0.508335,0.4,0.766349,0.133333,0.359431,0.2,0.611536,0.6,0.766349,0.133333,0.410164,0.2
q0062,0.538698,0.4,0.716485,0.116667,0.246195,0.3,0.595227,0.6,0.636376,0.1,0.255917,0.4,0.861087,1.0,0.811556,0.133333,0.323657,0.2,0.84457,1.0,0.811556,0.133333,0.325684,0.2,0.659116,0.6,0.787774,0.133333,0.258131,0.2,0.580475,0.6,0.719118,0.116667,0.258787,0.3,0.691655,0.8,0.713308,0.116667,0.272292,0.3
q0063,0.70171,0.5,1.0,0.166667,0.28396,0.0,0.701318,0.5,1.0,0.166667,0.323828,0.0,0.766752,0.666667,0.857205,0.133333,0.378972,0.2,0.771192,0.666667,0.857205,0.133333,0.396389,0.2,0.697845,0.5,0.933746,0.15,0.309558,0.1,0.786868,0.666667,1.0,0.166667,0.289109,0.0,0.765121,0.666667,0.936379,0.15,0.267113,0.1
q0064,0.350358,0.4,0.501428,0.1,0.271237,0.4,0.317482,0.4,0.372493,0.083333,0.299066,0.5,0.383047,0.6,0.362848,0.083333,0.361965,0.5,0.50319,0.8,0.436212,0.1,0.391326,0.4,0.412985,0.4,0.433055,0.083333,0.299143,0.5,0.440861,0.6,0.567682,0.116667,0.251973,0.3,0.586538,0.8,0.641046,0.133333,0.270556,0.2
q0065,0.495743,0.333333,0.779908,0.15,0.234875,0.1,0.51114,0.333333,0.694765,0.133333,0.264331,0.2,0.491428,0.5,0.486471,0.1,0.349552,0.4,0.574925,0.5,0.552746,0.1,0.358254,0.4,0.629634,0.5,0.779908,0.15,0.291077,0.1,0.645057,0.666667,0.779908,0.15,0.25756,0.1,0.694209,0.666667,0.779908,0.15,0.295901,0.1
q0066,0.50327,0.8,0.567682,0.116667,0.350994,0.3,0.454008,0.6,0.527067,0.1,0.371192,0.4,0.468507,0.6,0.42884,0.066667,0.452344,0.6,0.61355,0.8,0.635256,0.116667,0.456966,0.3,0.509403,0.8,0.577425,0.116667,0.352774,0.3,0.553894,1.0,0.504061,0.1,0.3747,0.4,0.557067,0.8,0.571615,0.116667,0.395946,0.3
q0067,0.368487,0.166667,0.797517,0.133333,0.20764,0.2,0.385146,0.166667,0.8237,0.133333,0.229302,0.2,0.71216,0.666667,0.699474,0.1,0.576258,0.4,0.76351,0.666667,0.791727,0.116667,0.591655,0.3,0.609554,0.666667,0.55826,0.083333,0.457301,0.5,0.518265,0.5,0.861138,0.15,0.351705,0.1,0.641334,0.666667,0.861138,0.15,0.465678,0.1
q0068,0.587767,0.333333,0.905212,0.15,0.37263,0.1,0.675518,0.5,0.848603,0.133333,0.476061,0.2,0.67017,0.5,0.756448,0.116667,0.522946,0.3,0.615245,0.5,0.753449,0.116667,0.549912,0.3,0.701428,0.5,1.0,0.166667,0.45986,0.0,0.640618,0.5,0.838957,0.133333,0.399929,0.2,0.745247,0.666667,0.831848,0.133333,0.426198,0.2
q0069,0.556088,0.5,1.0,0.166667,0.246199,0.0,0.545891,0.5,0.838957,0.133333,0.331629,0.2,0.730914,1.0,0.665949,0.116667,0.429316,0.3,0.585602,0.75,0.521296,0.083333,0.436833,0.5,0.742241,0.75,0.781805,0.116667,0.367937,0.3,0.643472,0.75,0.936379,0.15,0.31763,0.1,0.736859,1.0,0.866948,0.133333,0.364628,0.2
q0070,0.462515,0.4,0.713654,0.133333,0.29802,0.2,0.474248,0.4,0.694765,0.133333,0.360801,0.2,0.684863,0.8,0.710477,0.133333,0.50884,0.2,0.563003,0.8,0.488349,0.083333,0.511082,0.5,0.46991,0.4,0.779908,0.15,0.370162,0.1,0.460057,0.4,0.650033,0.116667,0.291215,0.3,0.603973,0.8,0.637113,0.116667,0.322795,0.3
q0071,0.552678,0.4,0.936379,0.15,0.325688,0.1,0.57674,0.4,0.864315,0.133333,0.325226,0.2,0.57799,0.4,0.665949,0.116667,0.463131,0.3,0.722387,0.6,0.719118,0.116667,0.473003,0.3,0.615439,0.4,0.838957,0.133333,0.391296,0.2,0.462175,0.2,0.870125,0.133333,0.368631,0.2,0.546773,0.4,0.790951,0.116667,0.431574,0.3
q0072,0.698782,0.4,0.930569,0.15,0.243044,0.1,0.696447,0.4,0.921602,0.15,0.284737,0.1,0.7566,0.6,0.69684,0.1,0.373774,0.4,0.835507,0.6,0.848238,0.133333,0.361202,0.2,0.687542,0.4,0.905212,0.15,0.250593,0.1,0.767318,0.6,0.864315,0.133333,0.274934,0.2,0.893688,0.8,0.926636,0.15,0.301158,0.1
q0073,0.420837,0.25,0.697596,0.116667,0.330101,0.3,0.436846,0.25,0.716767,0.116667,0.376592,0.3,0.793531,1.0,0.905212,0.15,0.526454,0.1,0.79902,1.0,0.845426,0.133333,0.504682,0.2,0.607184,0.75,0.687951,0.116667,0.409518,0.3,0.505155,0.5,0.633975,0.1,0.37911,0.4,0.496615,0.5,0.49829,0.066667,0.403756,0.6
q0074,0.778067,0.8,0.926636,0.15,0.234559,0.1,0.727932,0.6,0.926636,0.15,0.271623,0.1,0.863575,1.0,0.838957,0.133333,0.308306,0.2,0.807806,0.8,0.905212,0.15,0.319663,0.1,0.81869,0.8,1.0,0.166667,0.232744,0.0,0.74913,0.8,0.926636,0.15,0.240236,0.1,0.754781,0.8,0.936379,0.15,0.249052,0.1
q0075,0.781137,0.8,0.930569,0.15,0.249194,0.1,0.752799,0.8,0.889954,0.15,0.302337,0.1,0.671334,0.6,0.73538,0.116667,0.3453,0.3,0.695066,0.6,0.738192,0.116667,0.348848,0.3,0.730108,0.6,1.0,0.166667,0.24315,0.0,0.722939,0.6,0.866948,0.133333,0.250231,0.2,0.801623,0.8,0.930569,0.15,0.284761,0.1
q0076,0.338603,0.166667,0.57116,0.1,0.364719,0.4,0.495295,0.333333,0.636659,0.1,0.410055,0.4,0.638143,0.666667,0.643404,0.1,0.428868,0.4,0.569032,0.5,0.583715,0.083333,0.436838,0.5,0.500602,0.5,0.596517,0.1,0.374794,0.4,0.40822,0.333333,0.507539,0.083333,0.410646,0.5,0.45883,0.5,0.435475,0.066667,0.422895,0.6
q0077,0.6836,0.4,0.921602,0.15,0.253511,0.1,0.698782,0.4,0.930569,0.15,0.348818,0.1,0.701513,0.6,0.662016,0.1,0.434228,0.4,0.657004,0.6,0.547398,0.066667,0.458288,0.6,0.624694,0.4,0.820523,0.133333,0.317644,0.2,0.832145,0.8,0.921602,0.15,0.29411,0.1,0.873804,0.8,0.855348,0.133333,0.346915,0.2
q0078,0.595553,0.333333,1.0,0.166667,0.304894,0.0,0.683285,0.5,1.0,0.166667,0.296418,0.0,0.928616,0.833333,1.0,0.166667,0.472491,0.0,0.948869,1.0,0.930569,0.15,0.524138,0.1,0.656451,0.5,1.0,0.166667,0.35593,0.0,0.7256,0.666667,1.0,0.166667,0.384261,0.0,0.844759,0.833333,1.0,0.166667,0.452888,0.0
q0079,0.411727,0.2,0.889954,0.15,0.221263,0.1,0.467017,0.4,0.766349,0.133333,0.268702,0.2,0.605839,0.6,0.684837,0.116667,0.338041,0.3,0.638341,0.8,0.640591,0.1,0.370028,0.4,0.625606,0.6,0.795166,0.133333,0.305616,0.2,0.41078,0.2,0.760079,0.116667,0.251829,0.3,0.406603,0.2,0.617284,0.083333,0.261968,0.5
q0080,0.635114,0.5,1.0,0.166667,0.243125,0.0,0.824423,0.75,1.0,0.166667,0.332235,0.0,0.801921,0.75,0.77216,0.116667,0.392162,0.3,0.726257,0.75,0.708441,0.1,0.38611,0.4,0.816338,0.75,0.914857,0.15,0.316505,0.1,0.690807,0.75,0.936379,0.15,0.27928,0.1,0.648452,0.75,0.800694,0.116667,0.293936,0.3
q0081,0.403784,0.2,0.889954,0.15,0.302272,0.1,0.409536,0.2,0.790951,0.116667,0.342869,0.3,0.783203,0.8,0.905212,0.15,0.435688,0.1,0.649411,0.6,0.746705,0.116667,0.446253,0.3,0.624496,0.6,0.889954,0.15,0.405774,0.1,0.402855,0.2,0.760079,0.116667,0.347406,0.3,0.556285,0.6,0.747159,0.116667,0.399182,0.3
q0082,0.659444,0.5,1.0,0.166667,0.29869,0.0,0.694531,0.5,1.0,0.166667,0.357648,0.0,0.720168,0.5,0.841493,0.133333,0.437448,0.2,0.787893,0.833333,0.791727,0.116667,0.455674,0.3,0.671566,0.5,0.838957,0.133333,0.334865,0.2,0.802724,0.833333,1.0,0.166667,0.346752,0.0,0.752888,0.666667,0.933746,0.15,0.366649,0.1
q0083,0.66513,0.6,1.0,0.166667,0.246814,0.0,0.797027,0.6,1.0,0.166667,0.281068,0.0,0.958857,1.0,1.0,0.166667,0.384444,0.0,0.940528,1.0,0.933746,0.15,0.421012,0.1,0.76817,0.6,0.933746,0.15,0.309624,0.1,0.642644,0.6,0.933746,0.15,0.262576,0.1,0.719914,0.8,0.926636,0.15,0.313757,0.1
q0084,0.645199,0.333333,0.83578,0.133333,0.281179,0.2,0.613506,0.333333,0.775994,0.133333,0.290931,0.2,0.572598,0.333333,0.608297,0.1,0.366711,0.4,0.514914,0.333333,0.456899,0.066667,0.413392,0.6,0.674461,0.333333,0.838957,0.133333,0.322827,0.2,0.730843,0.5,0.83578,0.133333,0.32182,0.2,0.738088,0.5,0.775337,0.116667,0.312102,0.3
q0085,0.382693,0.166667,0.678504,0.1,0.372898,0.4,0.363977,0.166667,0.588467,0.083333,0.411488,0.5,0.635472,0.5,0.826813,0.133333,0.512607,0.2,0.449471,0.333333,0.577149,0.083333,0.524861,0.5,0.454367,0.333333,0.726413,0.116667,0.429552,0.3,0.530673,0.5,0.742125,0.116667,0.410655,0.3,0.615511,0.5,0.811556,0.133333,0.437004,0.2
q0086,0.520868,0.333333,0.782739,0.133333,0.383176,0.2,0.521082,0.333333,0.760559,0.116667,0.444736,0.3,0.732903,0.666667,0.857981,0.133333,0.509826,0.2,0.861551,1.0,0.848238,0.133333,0.557299,0.2,0.539866,0.333333,0.699474,0.1,0.474963,0.4,0.592215,0.5,0.782739,0.133333,0.442791,0.2,0.68325,0.666667,0.782739,0.133333,0.476133,0.2
q0087,0.624226,0.4,0.926636,0.15,0.244813,0.1,0.632057,0.4,0.930569,0.15,0.312888,0.1,0.692672,0.6,0.848238,0.133333,0.367945,0.2,0.727448,0.8,0.746705,0.116667,0.36714,0.3,0.613866,0.4,0.889954,0.15,0.310618,0.1,0.774319,0.8,0.926636,0.15,0.282952,0.1,0.779463,0.8,0.870125,0.133333,0.288556,0.2
q0088,0.820802,0.6,1.0,0.166667,0.242753,0.0,0.863435,0.6,1.0,0.166667,0.292697,0.0,0.865253,0.6,1.0,0.166667,0.339598,0.0,0.828452,0.6,0.866948,0.133333,0.370655,0.2,0.844949,0.6,1.0,0.166667,0.233527,0.0,0.689949,0.4,0.870125,0.133333,0.260342,0.2,0.784748,0.6,0.857205,0.133333,0.264486,0.2
q0089,0.451981,0.25,1.0,0.166667,0.290353,0.0,0.450555,0.25,0.848603,0.133333,0.336879,0.2,0.606956,0.75,0.545156,0.083333,0.50713,0.5,0.732188,1.0,0.642942,0.1,0.516205,0.4,0.689591,0.75,0.905212,0.15,0.435744,0.1,0.624769,0.75,1.0,0.166667,0.35768,0.0,0.770609,1.0,1.0,0.166667,0.395937,0.0
q0090,0.410385,0.2,0.921602,0.15,0.206802,0.1,0.406471,0.2,0.820069,0.133333,0.255361,0.2,0.844848,1.0,0.81659,0.133333,0.519115,0.2,0.817053,1.0,0.742125,0.116667,0.530369,0.3,0.740992,1.0,0.684837,0.116667,0.454292,0.3,0.528399,0.4,0.921602,0.15,0.316065,0.1,0.693975,0.8,0.921602,0.15,0.437741,0.1
q0091,0.687858,0.5,1.0,0.166667,0.308019,0.0,0.700972,0.5,1.0,0.166667,0.364809,0.0,0.824776,0.75,0.889954,0.15,0.42204,0.1,0.830353,0.75,0.8237,0.133333,0.439847,0.2,0.588324,0.5,0.851236,0.133333,0.341858,0.2,0.712549,0.75,0.936379,0.15,0.322595,0.1,0.7179,0.75,0.800694,0.116667,0.319077,0.3
q0092,0.485054,0.333333,0.861138,0.15,0.261087,0.1,0.584986,0.333333,0.905212,0.15,0.273003,0.1,0.910294,0.833333,1.0,0.166667,0.395175,0.0,0.896096,0.833333,0.930569,0.15,0.425488,0.1,0.538595,0.5,0.861138,0.15,0.304244,0.1,0.560568,0.5,0.861138,0.15,0.323775,0.1,0.602663,0.5,0.861138,0.15,0.339687,0.1
q0093,0.60664,0.4,1.0,0.166667,0.253183,0.0,0.702185,0.4,1.0,0.166667,0.269858,0.0,0.760282,0.6,0.770204,0.116667,0.390643,0.3,0.806857,0.6,0.836459,0.133333,0.370812,0.2,0.676396,0.4,1.0,0.166667,0.272375,0.0,0.563503,0.4,0.870125,0.133333,0.264166,0.2,0.689849,0.6,0.857205,0.133333,0.291929,0.2
q0094,0.70342,0.5,1.0,0.166667,0.309433,0.0,0.681503,0.5,1.0,0.166667,0.319379,0.0,0.826018,0.666667,1.0,0.166667,0.385942,0.0,0.938637,1.0,1.0,0.166667,0.401637,0.0,0.686361,0.5,1.0,0.166667,0.329766,0.0,0.814568,0.833333,1.0,0.166667,0.326462,0.0,0.894051,1.0,1.0,0.166667,0.335021,0.0
q0095,0.206867,0.25,0.357813,0.083333,0.338246,0.5,0.245383,0.25,0.337984,0.066667,0.385904,0.6,0.524293,1.0,0.4205,0.083333,0.478384,0.5,0.547409,1.0,0.435456,0.083333,0.448518,0.5,0.177139,0.25,0.214084,0.05,0.367659,0.7,0.367531,0.75,0.357813,0.083333,0.382474,0.5,0.443519,1.0,0.357813,0.083333,0.41657,0.5
q0096,0.644032,0.4,0.826813,0.133333,0.316398,0.2,0.659866,0.4,0.836459,0.133333,0.363959,0.2,0.768178,0.6,0.747159,0.116667,0.495402,0.3,0.76726,0.8,0.646402,0.1,0.520823,0.4,0.784632,0.8,0.820523,0.133333,0.393841,0.2,0.687229,0.6,0.763193,0.116667,0.390052,0.3,0.722892,0.6,0.693761,0.1,0.43984,0.4
q0097,0.682394,0.5,1.0,0.166667,0.349107,0.0,0.704573,0.5,1.0,0.166667,0.367198,0.0,0.66626,0.5,0.715551,0.1,0.437395,0.4,0.86632,1.0,0.936379,0.15,0.437314,0.1,0.668536,0.5,0.905212,0.15,0.337913,0.1,0.75997,0.75,0.936379,0.15,0.369981,0.1,0.830532,1.0,0.864315,0.133333,0.360994,0.2
q0098,0.439062,0.333333,0.70151,0.133333,0.254269,0.2,0.387375,0.333333,0.641046,0.133333,0.32351,0.2,0.459102,0.5,0.641046,0.133333,0.385595,0.2,0.5156,0.666667,0.574792,0.116667,0.380362,0.3,0.406071,0.333333,0.779908,0.15,0.27713,0.1,0.501581,0.5,0.637889,0.116667,0.274268,0.3,0.582024,0.666667,0.632079,0.116667,0.288877,0.3
q0099,0.593112,0.333333,1.0,0.166667,0.300056,0.0,0.610648,0.333333,1.0,0.166667,0.341859,0.0,0.772419,0.666667,0.914857,0.15,0.461331,0.1,0.64671,0.5,0.757382,0.116667,0.48483,0.3,0.764333,0.666667,0.870125,0.133333,0.438131,0.2,0.652582,0.5,0.933746,0.15,0.388267,0.1,0.707567,0.666667,0.860382,0.133333,0.451001,0.2
q0100,0.569971,0.333333,0.930569,0.15,0.230669,0.1,0.543996,0.333333,0.905212,0.15,0.233164,0.1,0.837456,0.833333,0.851236,0.133333,0.518404,0.2,0.638463,0.5,0.680905,0.1,0.544882,0.4,0.823184,0.833333,0.870125,0.133333,0.498181,0.2,0.632491,0.5,0.866948,0.133333,0.350782,0.2,0.657843,0.5,0.866948,0.133333,0.466823,0.2
q0101,0.798553,0.5,1.0,0.166667,0.206217,0.0,0.745025,0.5,1.0,0.166667,0.385827,0.0,0.786753,0.666667,0.852171,0.133333,0.417135,0.2,0.805033,0.833333,0.820069,0.133333,0.424958,0.2,0.762425,0.5,1.0,0.166667,0.364682,0.0,0.845984,0.666667,0.933746,0.15,0.211159,0.1,0.809732,0.666667,0.796761,0.116667,0.254001,0.3
q0102,0.5733,0.4,0.914857,0.15,0.324126,0.1,0.624568,0.4,0.905212,0.15,0.362255,0.1,0.782448,0.8,0.870125,0.133333,0.432834,0.2,0.899462,1.0,0.921602,0.15,0.469438,0.1,0.744276,0.8,1.0,0.166667,0.330736,0.0,0.610628,0.6,0.848603,0.133333,0.34741,0.2,0.726828,0.8,0.841493,0.133333,0.365404,0.2
q0103,0.380902,0.2,0.49829,0.066667,0.251486,0.6,0.405694,0.2,0.653049,0.1,0.333708,0.4,0.701546,0.6,0.712552,0.1,0.462657,0.4,0.606408,0.6,0.640591,0.1,0.47069,0.4,0.381201,0.2,0.551331,0.083333,0.417397,0.5,0.459586,0.4,0.561911,0.083333,0.306069,0.5,0.534114,0.6,0.557978,0.083333,0.382413,0.5
q0104,0.778783,0.666667,0.851236,0.133333,0.261638,0.2,0.767072,0.666667,0.83578,0.133333,0.273039,0.2,0.818805,0.666667,0.866948,0.133333,0.33538,0.2,0.857648,0.833333,0.914857,0.15,0.330904,0.1,0.77916,0.666667,0.926636,0.15,0.264138,0.1,0.816377,0.666667,0.914857,0.15,0.275856,0.1,0.91112,1.0,0.914857,0.15,0.292654,0.1
q0105,0.638008,0.4,0.866948,0.133333,0.311302,0.2,0.639572,0.4,0.785916,0.116667,0.353227,0.3,0.563458,0.4,0.56537,0.083333,0.414301,0.5,0.499542,0.4,0.432318,0.05,0.432544,0.7,0.68664,0.6,0.753814,0.116667,0.37003,0.3,0.707881,0.6,0.864315,0.133333,0.329795,0.2,0.719116,0.6,0.926636,0.15,0.362049,0.1
q0106,0.795664,0.6,1.0,0.166667,0.244652,0.0,0.868333,0.6,1.0,0.166667,0.269566,0.0,0.946913,0.8,1.0,0.166667,0.364658,0.0,0.858144,0.8,0.889954,0.15,0.409082,0.1,0.977584,0.8,1.0,0.166667,0.308281,0.0,0.883192,0.8,1.0,0.166667,0.257515,0.0,0.843732,0.8,0.933746,0.15,0.283951,0.1
q0107,0.269788,0.2,0.584719,0.116667,0.223073,0.3,0.285072,0.2,0.625334,0.116667,0.273724,0.3,0.562341,0.8,0.584719,0.116667,0.446196,0.3,0.553956,0.8,0.52521,0.1,0.42529,0.4,0.470534,0.6,0.515288,0.1,0.347881,0.4,0.346431,0.4,0.521098,0.1,0.269774,0.4,0.457611,0.6,0.515288,0.1,0.29855,0.4
q0108,0.723646,0.5,1.0,0.166667,0.19897,0.0,0.707532,0.5,1.0,0.166667,0.244163,0.0,0.769032,0.666667,0.845426,0.133333,0.353548,0.2,0.830404,0.833333,0.841591,0.133333,0.368961,0.2,0.606274,0.333333,0.936379,0.15,0.236204,0.1,0.81398,0.666667,1.0,0.166667,0.241884,0.0,0.774762,0.666667,0.870125,0.133333,0.249698,0.2
q0109,0.274723,0.166667,0.779908,0.15,0.347898,0.1,0.274436,0.166667,0.716287,0.133333,0.33985,0.2,0.471435,0.5,0.716287,0.133333,0.408892,0.2,0.55446,0.666667,0.694765,0.133333,0.426479,0.2,0.454693,0.5,0.637889,0.116667,0.354138,0.3,0.424213,0.5,0.779908,0.15,0.348589,0.1,0.547282,0.666667,0.779908,0.15,0.331972,0.1
q0110,0.400049,0.2,0.577149,0.083333,0.334984,0.5,0.355174,0.2,0.43511,0.066667,0.377332,0.6,0.39951,0.4,0.35971,0.05,0.499429,0.7,0.396253,0.4,0.357076,0.05,0.51923,0.7,0.531446,0.4,0.718342,0.116667,0.383503,0.3,0.555756,0.6,0.643404,0.1,0.393572,0.4,0.639686,0.8,0.650513,0.1,0.444913,0.4
q0111,0.322769,0.25,0.64029,0.116667,0.285393,0.3,0.307338,0.25,0.600431,0.116667,0.31834,0.3,0.580724,0.75,0.637889,0.116667,0.438796,0.3,0.655951,0.75,0.706544,0.133333,0.441533,0.2,0.459411,0.5,0.603608,0.116667,0.337986,0.3,0.49882,0.75,0.706544,0.133333,0.327413,0.2,0.602209,0.75,0.779908,0.15,0.346695,0.1
q0112,0.57407,0.333333,0.785916,0.116667,0.208861,0.3,0.587741,0.333333,0.905212,0.15,0.254435,0.1,0.950923,1.0,1.0,0.166667,0.384655,0.0,0.733006,0.666667,0.770204,0.116667,0.407069,0.3,0.65956,0.5,0.861138,0.15,0.301165,0.1,0.64313,0.5,0.785916,0.116667,0.302654,0.3,0.712903,0.666667,0.781984,0.116667,0.314545,0.3
q0113,0.393368,0.2,0.586892,0.083333,0.375294,0.5,0.558717,0.6,0.677728,0.116667,0.434611,0.3,0.69494,0.8,0.647336,0.1,0.470671,0.4,0.694481,1.0,0.611775,0.1,0.519232,0.4,0.60361,0.6,0.68166,0.116667,0.464797,0.3,0.512312,0.4,0.716767,0.116667,0.466179,0.3,0.527364,0.4,0.650513,0.1,0.496531,0.4
q0114,0.769149,0.8,0.905212,0.15,0.249489,0.1,0.819749,0.8,0.905212,0.15,0.279449,0.1,0.845649,0.8,0.905212,0.15,0.326494,0.1,0.845429,0.8,0.866948,0.133333,0.338905,0.2,0.697507,0.6,0.905212,0.15,0.253346,0.1,0.759104,0.8,0.838957,0.133333,0.258654,0.2,0.699872,0.6,0.768227,0.116667,0.269539,0.3
q0115,0.37112,0.2,0.677728,0.116667,0.3422,0.3,0.380841,0.2,0.702728,0.116667,0.34768,0.3,0.832144,0.8,0.857205,0.133333,0.470876,0.2,0.827935,0.8,0.860382,0.133333,0.47554,0.2,0.590421,0.6,0.751092,0.133333,0.416738,0.2,0.447763,0.4,0.614107,0.1,0.362505,0.4,0.608649,0.8,0.68166,0.116667,0.360172,0.3
q0116,0.318444,0.4,0.436212,0.1,0.331911,0.4,0.405931,0.8,0.321496,0.066667,0.368207,0.6,0.587782,0.8,0.502204,0.083333,0.433842,0.5,0.508955,0.8,0.437807,0.083333,0.438963,0.5,0.374746,0.6,0.38317,0.083333,0.336323,0.5,0.391642,0.6,0.436212,0.1,0.368572,0.4,0.373793,0.6,0.369957,0.083333,0.380404,0.5
q0117,0.687951,0.5,0.866948,0.133333,0.369433,0.2,0.676711,0.5,0.838957,0.133333,0.391109,0.2,0.651266,0.5,0.73538,0.116667,0.444896,0.3,0.802777,1.0,0.731447,0.116667,0.440016,0.3,0.67784,0.5,0.784982,0.116667,0.370837,0.3,0.687731,0.5,0.864315,0.133333,0.353853,0.2,0.855069,1.0,0.926636,0.15,0.378287,0.1
q0118,0.451815,0.25,0.936379,0.15,0.221901,0.1,0.397319,0.25,0.590049,0.1,0.320588,0.4,0.625772,0.75,0.586116,0.083333,0.445876,0.5,0.555254,0.5,0.517363,0.066667,0.445884,0.6,0.561986,0.5,0.608297,0.1,0.384208,0.4,0.539877,0.5,0.936379,0.15,0.233623,0.1,0.676206,0.75,0.930569,0.15,0.276191,0.1
q0119,0.687761,0.5,0.936379,0.15,0.222714,0.1,0.915467,1.0,0.857205,0.133333,0.323061,0.2,0.890947,1.0,0.857981,0.133333,0.342253,0.2,0.918911,1.0,0.848238,0.133333,0.345941,0.2,0.675904,0.5,0.785916,0.116667,0.242354,0.3,0.701355,0.5,1.0,0.166667,0.241009,0.0,0.689088,0.5,1.0,0.166667,0.263727,0.0
