item_index,label,gate_score,passed
1661,1,2.299531,1
6086,0,0.851708,1
1628,1,3.076424,1
287,1,3.238132,1
5167,0,-2.067649,0
4995,0,-2.263673,0
4569,0,-0.999534,1
5103,0,-0.465061,1
2630,1,1.082929,1
2176,1,1.671121,1
2682,1,2.288208,1
7559,0,-1.80933,0
1825,1,-0.244753,1
5832,0,-2.708306,0
3302,1,3.720528,1
1324,1,3.482271,1
5458,0,-1.401246,0
2534,1,-1.223576,1
7914,0,-1.608208,0
2852,1,0.197509,1
5925,0,-1.509806,0
6811,0,-0.260802,1
5999,0,-2.403284,0
7755,0,-0.573077,1
5114,0,-2.654105,0
5220,0,-3.874478,0
4042,0,-0.686579,1
5172,0,-0.454622,1
6512,0,-1.286404,0
7165,0,-2.255009,0
4711,0,-1.09719,1
7984,0,-0.185551,1
3753,1,2.116336,1
4138,0,-0.655049,1
3771,1,2.095026,1
3964,1,-1.592213,0
2410,1,-1.708514,0
841,1,0.161289,1
1107,1,1.221431,1
1469,1,-0.535202,1
1164,1,2.061457,1
4875,0,-0.725059,1
4293,0,-2.80509,0
1016,1,0.695023,1
1449,1,0.227007,1
4680,0,-3.152856,0
4652,0,-0.609619,1
6253,0,-2.756889,0
1243,1,1.854357,1
4252,0,-2.780233,0
1156,1,3.534231,1
1885,1,3.19379,1
3793,1,1.961725,1
2120,1,1.157648,1
1078,1,-0.408631,1
3458,1,3.346679,1
6333,0,1.040117,1
4229,0,-2.180593,0
404,1,2.88812,1
6159,0,-2.227615,0
4919,0,-2.830523,0
2851,1,1.452526,1
4348,0,-2.03917,0
2207,1,2.227474,1
7603,0,-1.887279,0
5625,0,-2.435143,0
5282,0,-0.678205,1
1197,1,3.002549,1
2371,1,1.391687,1
4279,0,-1.952376,0
5987,0,-0.358911,1
4224,0,-1.567598,0
5126,0,-1.14036,1
1200,1,3.294961,1
7737,0,-1.388157,0
2977,1,0.255215,1
2638,1,2.989826,1
799,1,1.248456,1
4128,0,-0.924193,1
293,1,-0.21516,1
7782,0,-1.750391,0
7763,0,-1.734469,0
7310,0,-2.528788,0
4292,0,-0.289529,1
6821,0,-2.338916,0
6767,0,-0.154424,1
7811,0,-1.509481,0
5302,0,-1.970852,0
3361,1,2.520309,1
6711,0,-1.3872,0
2149,1,3.066126,1
2164,1,2.273383,1
3443,1,2.955686,1
3500,1,0.671328,1
7113,0,-1.531747,0
7575,0,3.24808,1
2244,1,2.153017,1
3744,1,2.114773,1
5924,0,-1.20229,1
4421,0,-1.45901,0
138,1,0.607713,1
3625,1,3.215981,1
3403,1,3.383681,1
1097,1,2.716591,1
6167,0,-2.608014,0
1652,1,3.67556,1
567,1,3.19589,1
2189,1,2.311797,1
6401,0,-1.406018,0
6053,0,-2.66297,0
7695,0,-1.774094,0
7754,0,-2.481456,0
730,1,2.713702,1
4969,0,-1.333987,0
2552,1,1.707289,1
2390,1,3.630941,1
789,1,0.960515,1
3106,1,1.516985,1
1987,1,2.263896,1
4631,0,-1.405486,0
1930,1,3.028192,1
6009,0,-0.553101,1
2043,1,1.109082,1
1822,1,1.046894,1
3750,1,-0.794054,1
60,1,3.257876,1
5435,0,0.136524,1
1922,1,-0.168258,1
4031,0,-0.744775,1
4741,0,0.216299,1
3562,1,1.204333,1
51,1,2.363058,1
4086,0,-2.105969,0
2389,1,0.539704,1
5191,0,-0.604293,1
833,1,0.200068,1
3088,1,2.156289,1
3992,1,0.71855,1
6559,0,-0.138905,1
3452,1,2.065905,1
5031,0,-2.042606,0
983,1,2.204374,1
2959,1,2.580519,1
7423,0,-2.235786,0
6818,0,-1.441421,0
716,1,2.612588,1
5706,0,-3.404516,0
1847,1,3.517476,1
5473,0,-1.62023,0
1925,1,2.348969,1
2400,1,3.369467,1
5325,0,-1.820411,0
3346,1,2.164726,1
3521,1,1.354411,1
6374,0,-1.901438,0
4803,0,0.640674,1
1685,1,2.283268,1
325,1,0.009623,1
3253,1,0.841549,1
7494,0,-2.899397,0
1338,1,2.749673,1
5043,0,-1.926959,0
827,1,-0.612459,1
3546,1,4.427035,1
2683,1,2.540995,1
3342,1,3.260286,1
1873,1,2.158449,1
1515,1,2.531422,1
5219,0,-2.195027,0
5527,0,-0.045827,1
2062,1,0.794098,1
4520,0,-3.365358,0
976,1,0.038498,1
4033,0,-2.341566,0
2876,1,1.92717,1
2778,1,1.878544,1
7286,0,-1.921386,0
3371,1,4.793877,1
7132,0,-2.381325,0
4,1,0.401879,1
3749,1,-1.970533,0
663,1,3.3414,1
6510,0,-2.113066,0
20,1,-1.666022,0
6494,0,-1.655622,0
3661,1,1.383996,1
5011,0,-2.714378,0
2284,1,2.258388,1
6521,0,-3.056533,0
3722,1,-0.255717,1
6482,0,-1.869106,0
5578,0,-2.227541,0
5584,0,-1.333816,0
7327,0,-2.2925,0
4667,0,-2.833727,0
1946,1,0.883339,1
6820,0,-0.231367,1
2883,1,1.760525,1
7878,0,-1.901625,0
6670,0,-3.378868,0
2166,1,2.619449,1
334,1,2.773735,1
399,1,-2.711224,0
775,1,0.10869,1
2919,1,2.384861,1
2459,1,2.842989,1
5212,0,-2.35648,0
6368,0,-1.944581,0
7589,0,-2.525419,0
1534,1,0.631096,1
7872,0,-2.426519,0
3200,1,1.228998,1
6826,0,-0.938032,1
1688,1,2.801823,1
4532,0,-1.008336,1
98,1,-1.344017,0
7577,0,-1.802396,0
4315,0,-2.347149,0
3091,1,2.38829,1
3473,1,2.639571,1
5513,0,-2.794337,0
5524,0,0.372696,1
1557,1,0.644828,1
7206,0,-0.466234,1
3482,1,0.865184,1
7298,0,-1.917465,0
4648,0,-0.300459,1
835,1,1.067482,1
1604,1,3.052582,1
4519,0,-2.279152,0
722,1,-0.31195,1
4474,0,-0.795229,1
7927,0,1.486528,1
2820,1,2.093321,1
7123,0,0.439592,1
1349,1,1.670897,1
3608,1,-0.211875,1
4437,0,-0.757355,1
5145,0,-0.623944,1
7344,0,-2.550602,0
1168,1,5.63304,1
1923,1,3.00543,1
4243,0,-2.809389,0
5108,0,-0.779558,1
2828,1,2.105779,1
4126,0,-0.530424,1
7687,0,-1.525881,0
4965,0,-0.144721,1
3073,1,0.089054,1
3828,1,2.430407,1
6834,0,-0.63461,1
4104,0,-2.52466,0
3502,1,-1.446665,0
751,1,1.55096,1
6595,0,-1.484851,0
1483,1,-1.777601,0
2521,1,3.954746,1
105,1,2.145659,1
4143,0,-0.657369,1
1646,1,1.979092,1
6812,0,-3.458665,0
4158,0,-1.555353,0
869,1,1.887518,1
1794,1,2.560201,1
4358,0,-0.655001,1
7725,0,-0.577483,1
4000,0,-0.442015,1
367,1,3.111814,1
4790,0,-1.894562,0
1876,1,3.320435,1
1192,1,-0.269164,1
5726,0,-0.765879,1
2242,1,2.850846,1
3365,1,4.190311,1
7690,0,-0.641882,1
4367,0,-2.581896,0
2580,1,2.514664,1
6627,0,-0.861333,1
2881,1,1.926516,1
754,1,0.330099,1
2898,1,2.108703,1
6502,0,-0.174629,1
2026,1,3.690427,1
640,1,2.559251,1
6416,0,-1.141949,1
984,1,1.970057,1
661,1,-0.200355,1
1980,1,2.965763,1
2443,1,-0.694867,1
6623,0,0.044353,1
7202,0,-1.544746,0
3841,1,3.257366,1
49,1,1.232149,1
571,1,3.02223,1
3991,1,0.045304,1
5176,0,-1.953648,0
6548,0,-1.153002,1
1048,1,0.594238,1
5469,0,-2.450359,0
1751,1,2.421389,1
4775,0,0.202252,1
6956,0,-2.681443,0
1409,1,3.175817,1
5791,0,-0.787328,1
1437,1,3.861599,1
7257,0,-1.759908,0
4201,0,-2.33289,0
1766,1,1.830717,1
4125,0,-2.012649,0
4811,0,-2.267058,0
7858,0,-1.351525,0
6420,0,0.392351,1
4866,0,-0.969168,1
5680,0,-2.595355,0
1657,1,0.281884,1
1129,1,1.462652,1
4413,0,-1.544649,0
7270,0,-0.874542,1
4798,0,-2.689744,0
1990,1,2.135821,1
6169,0,0.208855,1
1403,1,1.84689,1
3690,1,-0.57851,1
2805,1,2.252825,1
7076,0,-1.538907,0
7801,0,-1.840312,0
1476,1,3.241527,1
6220,0,0.654494,1
4347,0,-2.467334,0
513,1,-2.623813,0
7916,0,-2.094225,0
4650,0,-3.03403,0
6043,0,-0.562107,1
5067,0,-1.149987,1
4477,0,-1.944685,0
7181,0,0.331242,1
3781,1,0.086297,1
6669,0,-2.88395,0
4089,0,0.918538,1
205,1,3.462262,1
6356,0,-1.026017,1
6671,0,-1.82274,0
926,1,2.258822,1
3020,1,1.662416,1
7073,0,-2.528882,0
5529,0,-2.247605,0
4728,0,-2.272431,0
4198,0,-1.97018,0
6824,0,-0.963852,1
6403,0,-0.552558,1
5609,0,-2.473793,0
5281,0,-1.679728,0
1960,1,1.929332,1
2485,1,3.280963,1
512,1,0.852779,1
2423,1,0.243214,1
1279,1,2.599409,1
2864,1,-1.107535,1
4242,0,-0.67282,1
5563,0,-2.230575,0
5230,0,0.234024,1
5319,0,-2.085547,0
7237,0,0.522936,1
7524,0,-0.956252,1
75,1,0.309639,1
5762,0,-1.09835,1
6427,0,-0.642504,1
5168,0,-1.947917,0
2079,1,1.037747,1
5420,0,-2.464548,0
5930,0,0.026469,1
4760,0,-2.288665,0
6255,0,2.868426,1
7792,0,-1.788769,0
5921,0,-0.081626,1
1393,1,2.487109,1
1176,1,0.595997,1
2998,1,3.430159,1
1094,1,2.122889,1
224,1,0.906465,1
3719,1,0.933151,1
1334,1,2.747096,1
5154,0,-1.759373,0
159,1,3.604623,1
701,1,2.204735,1
5083,0,-2.336882,0
5580,0,-2.267511,0
6396,0,-1.40085,0
2439,1,-1.042443,1
2182,1,1.976707,1
6916,0,-1.347984,0
6832,0,-2.405501,0
5518,0,-2.77639,0
2082,1,1.817274,1
4159,0,-0.842918,1
2734,1,2.433603,1
5868,0,-1.169244,1
6588,0,-0.229922,1
336,1,2.27853,1
6324,0,0.338424,1
7014,0,-1.84076,0
5373,0,-0.725835,1
7978,0,-1.276862,0
6090,0,-0.85184,1
2668,1,2.746989,1
4829,0,-2.691984,0
7322,0,-1.473685,0
2930,1,-1.452102,0
2278,1,2.209934,1
5905,0,1.375789,1
5899,0,-0.29733,1
3250,1,3.524538,1
5267,0,-1.494259,0
2044,1,-0.45896,1
5729,0,-0.661912,1
5610,0,-1.477801,0
5345,0,-2.028461,0
1184,1,3.070384,1
7605,0,-1.264978,0
6859,0,-1.074807,1
1843,1,0.630199,1
3159,1,2.692369,1
2081,1,0.049488,1
6997,0,0.157882,1
27,1,2.091892,1
5416,0,-0.548089,1
1948,1,2.093682,1
1201,1,3.541896,1
6498,0,-1.190485,1
6961,0,-1.450145,0
7848,0,-1.196613,1
6929,0,-0.827624,1
7784,0,0.492264,1
3633,1,0.38081,1
406,1,2.555669,1
3203,1,3.072206,1
6966,0,-1.882998,0
776,1,0.095264,1
6547,0,-2.68886,0
4911,0,-0.413338,1
5059,0,-1.7324,0
4523,0,-1.129212,1
7759,0,-3.36214,0
674,1,0.450647,1
5601,0,-1.417538,0
89,1,1.957022,1
5923,0,-0.664093,1
4643,0,-0.789141,1
4729,0,-0.637057,1
3328,1,-0.331448,1
3842,1,0.665436,1
4476,0,-1.739062,0
7537,0,-0.578446,1
3066,1,0.971932,1
2114,1,3.767081,1
5391,0,0.576384,1
2437,1,2.653816,1
1216,1,1.206245,1
7635,0,-2.160779,0
1545,1,1.104478,1
1051,1,-0.564895,1
883,1,-0.862618,1
7426,0,-1.960849,0
3434,1,2.152507,1
3405,1,-0.38816,1
537,1,2.146133,1
6007,0,-2.514466,0
3089,1,2.107991,1
7628,0,-1.962244,0
4179,0,-1.372087,0
1768,1,2.243263,1
4165,0,-1.379157,0
3332,1,0.843313,1
231,1,1.741935,1
6854,0,-0.435785,1
1105,1,3.959039,1
2252,1,1.007358,1
3201,1,2.226568,1
3143,1,1.047885,1
859,1,0.002124,1
635,1,0.955579,1
2264,1,2.089099,1
1803,1,0.359504,1
1426,1,3.390979,1
5985,0,-2.039645,0
6549,0,-0.845939,1
6101,0,-1.97352,0
1796,1,1.128668,1
5503,0,0.078029,1
7684,0,-2.409711,0
4954,0,-1.233169,1
2287,1,4.601403,1
4907,0,-1.905894,0
348,1,0.095795,1
865,1,-0.144601,1
4582,0,-1.600645,0
7458,0,1.141536,1
2921,1,0.774339,1
1267,1,1.06111,1
2429,1,-0.130813,1
7379,0,0.636179,1
3166,1,2.112971,1
3447,1,1.905225,1
7287,0,-1.563515,0
6165,0,-3.071816,0
1225,1,3.149105,1
3929,1,0.032041,1
6312,0,-2.741663,0
7406,0,0.833851,1
3100,1,2.044759,1
2555,1,2.504335,1
6861,0,-0.336054,1
1489,1,1.023921,1
4738,0,-2.316297,0
4181,0,-3.264349,0
446,1,1.20684,1
4405,0,-0.59446,1
7894,0,0.52356,1
1414,1,1.261066,1
2403,1,-1.739165,0
6606,0,0.84687,1
3242,1,-0.426138,1
1801,1,3.44167,1
3907,1,-0.669521,1
5301,0,-2.181159,0
7377,0,0.821391,1
1888,1,2.504634,1
6439,0,-0.213149,1
1734,1,1.766584,1
5592,0,-0.242758,1
3337,1,0.89394,1
2384,1,0.328164,1
1404,1,3.817251,1
891,1,2.072891,1
219,1,1.751888,1
2815,1,2.7648,1
6034,0,-2.742481,0
637,1,0.91179,1
6259,0,-2.067858,0
1910,1,2.125733,1
3395,1,0.646638,1
3311,1,-2.163196,0
7665,0,-4.343513,0
7870,0,-1.114614,1
3488,1,0.391314,1
6701,0,-2.310555,0
867,1,-0.364206,1
2468,1,-0.955256,1
3065,1,1.771825,1
4600,0,-2.04949,0
7694,0,-1.878889,0
3441,1,2.847785,1
6552,0,-2.159218,0
2527,1,2.085447,1
3061,1,0.885295,1
7342,0,-2.975414,0
4645,0,-0.579662,1
4903,0,-0.740664,1
1637,1,0.812892,1
1130,1,-0.212947,1
939,1,0.370557,1
6163,0,-2.472808,0
711,1,-0.033612,1
4733,0,-1.955924,0
3852,1,3.073404,1
1787,1,-0.023921,1
4390,0,0.645733,1
3018,1,2.058988,1
5932,0,-1.133757,1
5017,0,-1.884536,0
3489,1,0.867196,1
3794,1,1.879216,1
721,1,1.008487,1
3375,1,0.248097,1
1354,1,1.188422,1
3016,1,2.658538,1
5310,0,-1.552749,0
3229,1,0.885874,1
618,1,3.152007,1
3855,1,0.662075,1
5508,0,-2.552051,0
4974,0,-2.295855,0
1612,1,3.53471,1
5821,0,-1.251523,0
6783,0,-3.415115,0
1062,1,0.43509,1
6563,0,-1.909668,0
1418,1,1.366011,1
5579,0,-1.494512,0
4444,0,-1.118097,1
323,1,3.162381,1
785,1,0.545298,1
658,1,-2.110925,0
2405,1,0.248822,1
2705,1,2.322038,1
2097,1,1.068117,1
1816,1,4.091355,1
575,1,0.41712,1
1795,1,3.633168,1
4805,0,-3.006571,0
6250,0,-1.165458,1
5480,0,0.354113,1
1940,1,2.441148,1
1057,1,-0.253991,1
2154,1,4.088102,1
7274,0,-2.027042,0
2414,1,-1.137607,1
1066,1,0.125687,1
6029,0,-0.657432,1
5471,0,-1.904585,0
7520,0,-0.605093,1
3665,1,-1.536108,0
65,1,2.374078,1
7010,0,-2.011884,0
4925,0,1.323043,1
5700,0,-0.573525,1
1762,1,1.305002,1
791,1,-0.878122,1
2226,1,2.672747,1
2870,1,-1.151214,1
1447,1,3.229445,1
2088,1,1.895792,1
1410,1,4.019308,1
1368,1,0.749716,1
7318,0,-2.650292,0
1530,1,0.475415,1
2722,1,1.145644,1
4572,0,-1.041564,1
5478,0,-1.693562,0
1553,1,3.537781,1
7150,0,-0.895957,1
1145,1,1.977666,1
4334,0,-2.353944,0
4356,0,0.54272,1
726,1,1.595854,1
7516,0,-2.069443,0
4280,0,2.123576,1
6133,0,-2.321504,0
6724,0,-2.337311,0
4445,0,-0.488429,1
7545,0,-1.217533,1
933,1,5.204555,1
6557,0,-1.055,1
3682,1,1.631166,1
7246,0,-2.630892,0
4416,0,-1.593358,0
6210,0,-1.161256,1
2884,1,2.532418,1
7525,0,-2.209048,0
4052,0,-0.568278,1
6463,0,-0.860891,1
2431,1,-1.634016,0
7293,0,-2.12325,0
7364,0,-2.283101,0
2691,1,3.131019,1
1892,1,-1.228932,1
7094,0,-1.465115,0
7343,0,-1.160455,1
3887,1,-0.250908,1
5147,0,-1.717105,0
7405,0,-1.453046,0
3512,1,2.057087,1
1205,1,-0.599978,1
5455,0,0.672472,1
4498,0,-1.143651,1
945,1,0.364696,1
5594,0,-2.735446,0
1522,1,2.545726,1
3078,1,1.729059,1
4465,0,1.28704,1
1631,1,-0.27764,1
7178,0,-1.23458,1
2751,1,2.219248,1
6977,0,-2.991272,0
1478,1,0.486943,1
6391,0,-1.624843,0
2714,1,1.581658,1
771,1,-0.31218,1
1314,1,2.793252,1
1556,1,2.093659,1
1513,1,0.207784,1
3579,1,-1.350686,0
6208,0,-0.953319,1
6507,0,-1.362699,0
2143,1,-0.508785,1
6174,0,-1.95356,0
2777,1,2.763306,1
4508,0,-2.544369,0
7838,0,-1.412068,0
4320,0,-0.672634,1
4401,0,-1.426215,0
2418,1,-2.299435,0
2811,1,2.908659,1
2733,1,3.155305,1
1207,1,2.690211,1
987,1,2.786511,1
5181,0,-0.933449,1
1457,1,-0.590797,1
521,1,-0.42464,1
1863,1,0.993305,1
7677,0,-2.322958,0
6110,0,-0.998453,1
5332,0,-1.871221,0
4614,0,-2.284218,0
6541,0,-1.490948,0
874,1,-0.153591,1
43,1,1.061871,1
6691,0,-1.632627,0
3079,1,2.457388,1
654,1,0.115933,1
7433,0,-2.420726,0
3897,1,1.877545,1
1574,1,0.641408,1
1268,1,0.696353,1
3937,1,-4.133603,0
1421,1,2.303438,1
6732,0,-1.854241,0
5961,0,-1.222096,1
6645,0,-2.237855,0
2791,1,2.002347,1
6585,0,0.133708,1
5298,0,-0.936731,1
2739,1,2.145695,1
6624,0,0.204532,1
7983,0,-1.351379,0
5545,0,-1.050687,1
4462,0,-0.798183,1
1573,1,3.842239,1
6219,0,0.408351,1
6660,0,-1.059111,1
1027,1,3.235675,1
5572,0,-2.476965,0
4451,0,-0.789293,1
7827,0,-1.807628,0
5764,0,-1.805067,0
1722,1,2.825773,1
4312,0,-1.584966,0
1799,1,2.412241,1
6352,0,-3.17838,0
5959,0,-2.443088,0
5283,0,-1.843712,0
5574,0,-0.973724,1
5849,0,-2.730315,0
7215,0,-2.340599,0
4565,0,-3.285175,0
5329,0,-1.269392,0
4431,0,1.11531,1
7751,0,-0.395636,1
6309,0,-2.765693,0
7609,0,-2.792418,0
6879,0,-1.691335,0
2196,1,2.097463,1
3607,1,4.508232,1
5714,0,-1.568152,0
6025,0,-2.386591,0
7362,0,-2.290879,0
7599,0,-1.62031,0
6895,0,-1.300346,0
1610,1,2.988333,1
6152,0,-2.919748,0
3948,1,1.546426,1
4937,0,-0.33501,1
3587,1,0.693922,1
2224,1,0.77558,1
2298,1,2.008919,1
768,1,1.807304,1
1499,1,1.478043,1
3696,1,1.184526,1
2903,1,1.271984,1
6242,0,-1.364544,0
74,1,1.681326,1
2165,1,-0.275493,1
7441,0,-0.301728,1
2871,1,2.34183,1
6712,0,0.664774,1
1994,1,1.573726,1
1998,1,3.400278,1
4034,0,-0.582351,1
2810,1,2.097465,1
646,1,1.120203,1
6298,0,-1.998086,0
7275,0,0.38945,1
3192,1,1.147435,1
612,1,-0.026445,1
3103,1,2.448366,1
5587,0,-2.841788,0
7129,0,-1.204171,1
5041,0,-1.220038,1
7783,0,-2.447739,0
7407,0,0.058153,1
4971,0,0.816986,1
3037,1,1.638853,1
5673,0,-1.793569,0
2470,1,-0.02483,1
1743,1,3.032003,1
2257,1,2.134291,1
4674,0,-0.988887,1
3564,1,2.643892,1
7647,0,-0.391677,1
340,1,4.44194,1
7998,0,-1.597815,0
3640,1,3.238774,1
4821,0,-3.164437,0
4075,0,-1.15428,1
443,1,0.854013,1
6772,0,0.447601,1
6382,0,0.127252,1
6384,0,-1.180083,1
6497,0,-0.052919,1
6240,0,-1.050152,1
7738,0,-1.392895,0
1067,1,-0.019173,1
1158,1,3.918613,1
5243,0,0.450791,1
1292,1,2.034109,1
6593,0,-0.715108,1
748,1,0.047059,1
6042,0,-1.575375,0
5374,0,-1.101586,1
5891,0,-1.8048,0
5346,0,0.006909,1
3249,1,0.57764,1
2310,1,2.45793,1
3515,1,1.45755,1
1392,1,2.863292,1
4216,0,-0.753511,1
1353,1,4.732109,1
3165,1,-1.357565,0
790,1,1.987178,1
1399,1,1.469876,1
6776,0,0.867776,1
7569,0,-0.908282,1
957,1,0.481487,1
1181,1,5.1117,1
4319,0,-1.782982,0
5074,0,-2.859274,0
4884,0,-2.728009,0
4816,0,-2.314267,0
1072,1,-0.179919,1
4706,0,-2.836299,0
478,1,2.124032,1
3484,1,1.491682,1
7393,0,-1.958968,0
4537,0,-2.73379,0
7769,0,-2.389609,0
3050,1,2.564615,1
3324,1,1.174886,1
4955,0,-1.589941,0
1788,1,3.580675,1
3626,1,1.08306,1
4097,0,-0.960822,1
2102,1,2.577024,1
6295,0,-2.073823,0
434,1,2.837587,1
821,1,0.927292,1
4332,0,-1.219359,1
4632,0,-0.635534,1
2845,1,1.906874,1
6680,0,-2.834409,0
7752,0,-2.348658,0
1047,1,3.078869,1
632,1,2.151279,1
1117,1,-0.793842,1
1580,1,0.603135,1
6140,0,-0.609552,1
1077,1,2.471962,1
4622,0,-0.521013,1
474,1,1.159288,1
7513,0,0.015421,1
7199,0,0.920354,1
3283,1,1.069688,1
2507,1,1.930361,1
4368,0,-2.871059,0
5091,0,-1.056866,1
4894,0,-2.098092,0
5266,0,-2.039988,0
2880,1,2.349138,1
4935,0,-1.570751,0
7335,0,-0.751076,1
4141,0,-1.146888,1
7731,0,-1.555531,0
353,1,1.85344,1
7882,0,-3.954529,0
3113,1,1.834071,1
79,1,1.812139,1
2981,1,2.483806,1
5187,0,-2.492657,0
4823,0,-2.8337,0
1687,1,0.292173,1
6947,0,-2.046717,0
48,1,-0.098907,1
4054,0,-3.11959,0
6676,0,-2.092357,0
4571,0,-1.056721,1
7384,0,-2.862119,0
4909,0,-3.554555,0
1666,1,-0.724957,1
4709,0,-2.123251,0
7727,0,0.583157,1
19,1,-0.262251,1
879,1,3.974752,1
2065,1,-0.947969,1
4868,0,-2.426299,0
7660,0,-2.587788,0
5718,0,-1.938516,0
7087,0,-2.317643,0
1090,1,3.617667,1
2320,1,2.131291,1
4533,0,-0.884558,1
425,1,0.695665,1
4818,0,-2.481745,0
7945,0,-0.636367,1
2826,1,1.607197,1
7761,0,-0.261391,1
5536,0,-2.031833,0
5644,0,-2.542147,0
5834,0,-0.284082,1
7953,0,-2.875196,0
7923,0,-1.287542,0
4899,0,-2.130849,0
656,1,0.023439,1
1904,1,1.553673,1
2897,1,2.156714,1
5484,0,0.958746,1
2332,1,0.517467,1
7533,0,-0.562646,1
4176,0,-3.18349,0
3872,1,0.677385,1
1320,1,-0.632557,1
733,1,3.944277,1
4108,0,-3.224626,0
5033,0,-1.069467,1
5384,0,-2.661413,0
3944,1,3.362029,1
6756,0,0.221026,1
5773,0,-1.909817,0
4168,0,0.803837,1
6850,0,-2.872346,0
4156,0,-1.576887,0
2532,1,1.677156,1
3707,1,2.034209,1
6044,0,-0.308527,1
5007,0,-2.970937,0
4883,0,0.642049,1
1039,1,2.026795,1
7651,0,-0.017202,1
3012,1,2.136828,1
4713,0,-1.075669,1
5686,0,-1.392492,0
2944,1,3.543142,1
4366,0,0.437575,1
2554,1,0.42626,1
497,1,3.904671,1
5588,0,-0.052707,1
2295,1,2.692696,1
1416,1,0.3888,1
601,1,0.753859,1
1782,1,2.837213,1
2942,1,2.490426,1
7926,0,-2.10858,0
4664,0,-2.73706,0
5880,0,-2.916565,0
873,1,-0.526903,1
4112,0,-2.730544,0
989,1,1.648611,1
7632,0,-1.756703,0
7282,0,-0.508762,1
4404,0,-1.553851,0
7995,0,0.349244,1
4392,0,-1.01688,1
7198,0,-1.93278,0
1581,1,-1.931714,0
7487,0,1.630202,1
7864,0,0.894334,1
3186,1,-1.039355,1
4957,0,-1.883794,0
6136,0,-3.188809,0
268,1,1.162101,1
712,1,1.15493,1
6266,0,-3.229636,0
1856,1,3.53702,1
2285,1,3.619254,1
7505,0,-0.745251,1
7861,0,-1.792931,0
7746,0,-1.573133,0
6845,0,-2.854116,0
7486,0,-2.71043,0
3912,1,1.638834,1
2743,1,1.499612,1
7841,0,-1.459243,0
5512,0,0.426467,1
1335,1,1.552751,1
6408,0,-1.935529,0
7831,0,-0.720115,1
1536,1,3.098983,1
3294,1,3.674351,1
448,1,-1.643052,0
7817,0,-2.749323,0
6992,0,-0.85264,1
6120,0,-1.017844,1
6461,0,-4.151056,0
7638,0,-2.509111,0
3254,1,-0.963903,1
3189,1,0.080948,1
3490,1,1.803796,1
2101,1,0.320332,1
6132,0,-0.064908,1
7146,0,-3.38464,0
7171,0,-0.910636,1
317,1,1.873225,1
3712,1,1.01432,1
2892,1,0.949029,1
4301,0,-2.299112,0
7442,0,-3.119249,0
3604,1,0.586094,1
1850,1,2.774323,1
810,1,3.483094,1
1308,1,1.709418,1
556,1,2.167867,1
2762,1,2.090676,1
6209,0,-0.234276,1
5939,0,-1.655991,0
975,1,2.183737,1
505,1,2.932244,1
934,1,4.575648,1
4784,0,-2.924471,0
5413,0,1.010198,1
7929,0,-2.173692,0
6121,0,1.177078,1
4822,0,-2.010671,0
1372,1,1.498428,1
3460,1,2.039026,1
2932,1,1.149486,1
1134,1,1.7562,1
5001,0,-1.770081,0
2061,1,1.017632,1
1033,1,0.408679,1
797,1,0.478944,1
2985,1,1.114856,1
5872,0,-2.501061,0
6537,0,-1.771997,0
6591,0,-1.799733,0
6422,0,-2.016193,0
2177,1,1.372556,1
2711,1,1.832093,1
2849,1,-1.258346,0
6243,0,-0.416242,1
7845,0,-1.454726,0
798,1,0.294665,1
3218,1,0.280539,1
3206,1,-0.196772,1
2216,1,3.279195,1
2625,1,0.062926,1
2180,1,2.461031,1
3466,1,2.362622,1
4879,0,-1.937886,0
5294,0,-2.148667,0
2036,1,2.330821,1
5123,0,-1.55963,0
2424,1,1.017749,1
7062,0,-0.380076,1
7715,0,-2.390329,0
1835,1,2.480693,1
7648,0,-0.385974,1
4275,0,0.785433,1
6562,0,-2.460361,0
1909,1,0.941902,1
7558,0,-2.034011,0
3344,1,4.241261,1
6362,0,-1.283111,0
3990,1,0.809378,1
6395,0,-1.544613,0
7008,0,-1.23036,1
3366,1,1.321459,1
5827,0,-0.419205,1
1171,1,-2.523316,0
6231,0,0.511298,1
5207,0,-2.286146,0
22,1,2.868527,1
6715,0,-2.040381,0
672,1,0.146538,1
3755,1,0.990576,1
6144,0,-1.066134,1
354,1,2.433233,1
3233,1,2.265134,1
7430,0,-1.930887,0
331,1,0.13761,1
5707,0,-2.118253,0
4135,0,-2.259906,0
2999,1,-0.265423,1
83,1,0.339897,1
4960,0,-0.264502,1
7960,0,-2.7088,0
6899,0,1.122875,1
1246,1,0.213091,1
7038,0,-1.889143,0
6001,0,-2.027883,0
2718,1,2.087991,1
2773,1,1.788955,1
5051,0,1.345179,1
7341,0,-3.130223,0
1852,1,1.309584,1
639,1,1.852181,1
657,1,3.212316,1
6195,0,-2.189968,0
2201,1,2.549298,1
3385,1,0.251014,1
3856,1,1.752628,1
3870,1,-1.966038,0
5081,0,-1.759352,0
2872,1,2.659815,1
507,1,3.22931,1
258,1,2.952426,1
5988,0,-2.46771,0
5539,0,-1.286862,0
1344,1,3.021281,1
1547,1,2.469296,1
665,1,2.832307,1
4099,0,-2.032775,0
6280,0,-2.968109,0
6768,0,-1.175018,1
4503,0,-2.119867,0
3290,1,2.965469,1
3772,1,1.24565,1
1073,1,-0.269981,1
4119,0,-0.066793,1
974,1,-0.95816,1
3047,1,2.14835,1
1123,1,-0.653489,1
4637,0,-1.364603,0
7478,0,-2.496151,0
4975,0,-1.734835,0
2576,1,2.153123,1
6057,0,-2.901244,0
5551,0,-2.191093,0
3735,1,0.2792,1
4916,0,-1.043763,1
3347,1,0.515668,1
2010,1,3.003718,1
5922,0,-1.852142,0
4475,0,-2.550205,0
4017,0,-2.194848,0
1623,1,2.570801,1
2311,1,3.679874,1
6387,0,0.323353,1
2634,1,2.534214,1
7156,0,-0.938931,1
3019,1,2.546773,1
3746,1,3.380479,1
3940,1,1.365361,1
6909,0,-1.063329,1
3015,1,-1.643612,0
4528,0,-0.745304,1
1961,1,3.27342,1
7924,0,-1.588885,0
467,1,0.740879,1
3422,1,2.373356,1
610,1,2.317602,1
4845,0,-1.330678,0
7615,0,-0.887574,1
1328,1,0.446261,1
4891,0,-1.180371,1
1999,1,0.620537,1
5813,0,0.919183,1
5876,0,-0.335878,1
5261,0,-2.461636,0
1689,1,4.06248,1
4196,0,-3.003533,0
1443,1,1.761839,1
3730,1,0.168768,1
7534,0,0.995011,1
3216,1,3.457696,1
6371,0,-2.796762,0
979,1,-1.711502,0
2886,1,1.906071,1
195,1,2.860926,1
6632,0,-1.72329,0
4098,0,-2.403453,0
4256,0,-0.653103,1
1842,1,2.941448,1
4992,0,-1.55315,0
7153,0,-3.537541,0
1099,1,1.701819,1
7210,0,-0.287606,1
2155,1,2.165975,1
1618,1,2.882241,1
1537,1,0.063414,1
3797,1,4.419459,1
5509,0,-1.10567,1
949,1,0.005662,1
6522,0,-0.786727,1
708,1,3.314649,1
605,1,2.373797,1
1343,1,2.996207,1
6665,0,-0.261799,1
2112,1,-1.828804,0
3680,1,2.18503,1
210,1,2.791228,1
3743,1,2.639313,1
5806,0,-1.042675,1
2659,1,2.190012,1
1103,1,-0.228484,1
7776,0,-2.175916,0
7915,0,-3.860494,0
6528,0,-1.397804,0
139,1,5.12181,1
2529,1,3.454537,1
1896,1,2.495032,1
3973,1,1.096319,1
2369,1,1.589739,1
994,1,2.204015,1
6731,0,-0.818767,1
6381,0,-1.932651,0
4414,0,-0.004692,1
7439,0,-1.070623,1
5286,0,-0.711675,1
2830,1,1.884115,1
1376,1,2.995204,1
2068,1,2.390526,1
7992,0,-2.224456,0
2121,1,2.823326,1
4561,0,-1.559538,0
2758,1,0.895108,1
6878,0,-1.941179,0
889,1,2.851493,1
6125,0,0.858532,1
2596,1,1.797785,1
3906,1,0.489873,1
5180,0,-0.405103,1
1968,1,1.776627,1
6204,0,-2.489468,0
6213,0,-2.124413,0
2049,1,-0.083588,1
1238,1,2.184619,1
5271,0,-3.27239,0
2208,1,2.5679,1
3888,1,0.729487,1
6102,0,-2.420888,0
4470,0,-1.097988,1
3172,1,1.836611,1
4221,0,-1.443828,0
7511,0,-2.567014,0
1445,1,1.394288,1
4325,0,-2.596843,0
2618,1,1.415291,1
5290,0,0.482677,1
6779,0,-2.682539,0
2329,1,2.002699,1
5210,0,-1.496431,0
7850,0,0.185729,1
3784,1,1.34202,1
4783,0,-3.518943,0
3925,1,2.039551,1
5862,0,-2.771559,0
5651,0,-1.458755,0
793,1,3.252438,1
4714,0,-2.572192,0
5052,0,-0.783226,1
624,1,5.199282,1
6221,0,-1.5599,0
5378,0,1.251585,1
4351,0,-2.870785,0
3923,1,-0.418201,1
4298,0,-0.026652,1
6743,0,-2.053607,0
1750,1,2.639084,1
5846,0,-3.262528,0
5425,0,0.212161,1
7574,0,-1.769596,0
452,1,1.065686,1
1989,1,2.309418,1
4655,0,-1.634936,0
1004,1,2.044048,1
812,1,1.692032,1
63,1,3.047161,1
6466,0,1.991987,1
5746,0,-1.252816,0
1529,1,2.998142,1
6844,0,-0.026256,1
2608,1,3.553071,1
2877,1,2.066652,1
6037,0,0.189341,1
4264,0,-2.838552,0
462,1,0.506385,1
3510,1,2.118143,1
1413,1,3.177293,1
2559,1,1.921213,1
1718,1,3.229633,1
1725,1,2.280508,1
7109,0,-2.806873,0
7705,0,-0.320967,1
6222,0,-0.797967,1
2473,1,-2.242844,0
2255,1,1.82694,1
4658,0,-3.683397,0
4170,0,-2.478022,0
1310,1,4.311448,1
6299,0,-0.594727,1
5910,0,-1.940173,0
393,1,4.187816,1
7408,0,-3.469675,0
1425,1,2.215178,1
5888,0,-0.881073,1
1882,1,1.131216,1
6910,0,-0.484971,1
1756,1,4.397359,1
226,1,3.737465,1
50,1,-2.281023,0
4918,0,-2.63243,0
569,1,2.813684,1
5627,0,-0.564347,1
3495,1,0.782451,1
6215,0,-2.284574,0
2339,1,3.405373,1
875,1,2.170178,1
5221,0,-2.536503,0
6617,0,-1.696689,0
1202,1,0.498807,1
5268,0,1.857786,1
3221,1,3.31213,1
1220,1,-0.006156,1
920,1,3.223929,1
2957,1,0.844418,1
4393,0,-1.151499,1
7066,0,-1.03935,1
1710,1,1.736155,1
6030,0,-1.006492,1
2427,1,-1.081367,1
7829,0,-1.51919,0
3732,1,4.081399,1
470,1,-1.04561,1
2875,1,1.738483,1
5740,0,-0.83147,1
4237,0,-2.484883,0
7053,0,-1.240365,0
134,1,1.410001,1
2654,1,1.835542,1
7268,0,-3.05768,0
5433,0,-2.202085,0
3245,1,4.04243,1
683,1,0.463664,1
4566,0,-2.653544,0
5202,0,-1.3254,0
1194,1,1.810442,1
924,1,0.053722,1
5616,0,-0.554408,1
4209,0,-2.170039,0
4073,0,-1.812946,0
4022,0,1.838116,1
7321,0,0.412941,1
156,1,3.260797,1
6546,0,-3.700534,0
7118,0,-0.593716,1
1391,1,1.926243,1
346,1,0.305451,1
7001,0,0.226037,1
2635,1,0.878259,1
7512,0,-2.9581,0
176,1,3.103043,1
6739,0,-2.91093,0
1475,1,2.241565,1
5038,0,-2.805233,0
3575,1,0.665781,1
629,1,3.224664,1
4027,0,-1.485571,0
2402,1,-1.949801,0
7045,0,-0.437884,1
4638,0,-1.22428,1
5186,0,0.135662,1
895,1,3.522244,1
7401,0,-1.908459,0
6245,0,-0.915026,1
7969,0,-1.362609,0
1273,1,2.839192,1
180,1,-0.927609,1
1306,1,0.524163,1
4373,0,-2.539413,0
5990,0,-0.639756,1
3133,1,-2.523139,0
6300,0,-2.840964,0
803,1,1.962764,1
5845,0,-1.20484,1
1058,1,-0.321972,1
6430,0,-1.801865,0
6678,0,-1.658197,0
1351,1,4.235564,1
3464,1,3.001558,1
5465,0,-2.035649,0
1607,1,0.401296,1
3799,1,0.414658,1
5421,0,-2.753716,0
5094,0,-1.834447,0
1474,1,3.984942,1
1223,1,1.267895,1
6400,0,-0.698734,1
4200,0,-2.60432,0
3301,1,0.90974,1
7895,0,-1.796404,0
2265,1,2.054151,1
3323,1,2.728267,1
7560,0,-0.901398,1
5169,0,-1.958529,0
6751,0,-0.729464,1
7444,0,-0.555816,1
6407,0,-2.52066,0
3008,1,1.945917,1
113,1,2.626613,1
6414,0,-1.655382,0
1870,1,0.894432,1
7943,0,-1.996174,0
4677,0,-0.928457,1
5233,0,-0.525638,1
6423,0,-0.980512,1
595,1,0.730978,1
3827,1,0.30067,1
2018,1,-1.059427,1
5250,0,-2.371856,0
5376,0,-1.150318,1
308,1,2.088136,1
5273,0,0.245275,1
108,1,3.250328,1
7214,0,-1.192561,1
7219,0,-3.15908,0
6703,0,-2.291298,0
6115,0,-0.540812,1
2412,1,-0.941015,1
7777,0,0.259947,1
4449,0,1.690761,1
3485,1,-1.759583,0
417,1,1.692657,1
5447,0,-2.915028,0
6441,0,-1.71732,0
7546,0,-1.870129,0
5568,0,-1.974223,0
6446,0,0.304219,1
1625,1,1.410768,1
904,1,2.023905,1
7320,0,-3.034716,0
5660,0,-2.026533,0
6261,0,-1.6013,0
380,1,1.503966,1
7859,0,0.858854,1
6789,0,-0.372241,1
767,1,1.287626,1
6413,0,-3.174723,0
3378,1,1.67247,1
5624,0,-0.822536,1
3920,1,1.812139,1
5343,0,-1.84842,0
6576,0,-2.133186,0
4976,0,-1.943328,0
2046,1,1.323092,1
3701,1,0.698114,1
3876,1,2.17217,1
6104,0,-2.054684,0
2183,1,3.921234,1
860,1,-0.691705,1
3518,1,0.462907,1
6762,0,-2.154257,0
6448,0,0.331658,1
6519,0,-2.523492,0
6649,0,-0.969057,1
6079,0,-3.012041,0
4294,0,-1.894543,0
6842,0,-1.663433,0
4980,0,-0.767299,1
1330,1,3.168979,1
2253,1,0.806158,1
2048,1,2.030047,1
1716,1,2.20429,1
6361,0,-1.473938,0
3195,1,1.253318,1
1211,1,1.658471,1
4708,0,-1.018876,1
6158,0,-2.597118,0
2619,1,2.540027,1
5731,0,-0.200516,1
6477,0,-2.642311,0
2907,1,0.966387,1
7437,0,-0.722169,1
1015,1,1.223073,1
7696,0,-1.192039,1
3387,1,0.339449,1
5649,0,-1.28012,0
1845,1,0.817292,1
6795,0,-0.257852,1
2197,1,2.790913,1
5937,0,-1.975412,0
5016,0,-2.582454,0
5326,0,-1.091307,1
6766,0,-0.662302,1
4461,0,-1.919278,0
2818,1,2.346834,1
1717,1,3.374942,1
6802,0,-2.671165,0
2993,1,2.005501,1
4929,0,0.193164,1
7205,0,0.796055,1
3615,1,2.623701,1
6083,0,-1.365847,0
5901,0,-1.640813,0
2362,1,2.361658,1
1565,1,2.203319,1
6638,0,-1.058919,1
6986,0,-2.117675,0
1151,1,0.047439,1
2288,1,3.008234,1
2995,1,0.402445,1
1929,1,2.364232,1
3838,1,-0.39989,1
2816,1,1.894536,1
4627,0,-1.564008,0
3721,1,1.709771,1
3450,1,1.120282,1
666,1,1.990357,1
2650,1,3.916464,1
3714,1,2.218044,1
4888,0,0.079015,1
2185,1,2.036498,1
5709,0,-2.572239,0
3999,1,1.628319,1
5933,0,-0.612777,1
2584,1,2.100206,1
1227,1,0.539715,1
3849,1,0.859825,1
2573,1,2.12002,1
5702,0,-2.52813,0
5300,0,-0.888048,1
7152,0,-2.393337,0
0,1,1.545436,1
3184,1,1.65904,1
2440,1,-1.133204,1
5434,0,-1.516985,0
3532,1,0.927686,1
2789,1,1.114247,1
1702,1,3.680809,1
7226,0,-2.640123,0
6151,0,-1.919611,0
3397,1,0.683983,1
7292,0,-0.473601,1
546,1,-0.078471,1
7743,0,-1.973756,0
4290,0,-1.823457,0
1315,1,0.794915,1
1071,1,-0.210051,1
4588,0,-1.114966,1
7812,0,-0.513072,1
222,1,0.973905,1
3436,1,2.121394,1
5299,0,-2.120802,0
7708,0,-3.053946,0
4878,0,1.135385,1
1177,1,1.021696,1
6952,0,1.562975,1
2978,1,1.444358,1
7832,0,-3.682994,0
7089,0,-2.204969,0
203,1,1.275806,1
7886,0,0.019805,1
2113,1,-0.309604,1
1951,1,1.734451,1
1668,1,3.002512,1
842,1,-0.188398,1
2421,1,0.07896,1
2217,1,3.359933,1
4204,0,-2.410048,0
3013,1,1.538679,1
6017,0,-1.266489,0
7467,0,-2.089172,0
947,1,1.859518,1
4889,0,-1.325499,0
6742,0,-1.829937,0
4284,0,-1.324337,0
5751,0,0.427356,1
3594,1,2.687747,1
6082,0,0.240648,1
4832,0,-2.527297,0
4936,0,-0.071061,1
7756,0,-2.485882,0
2011,1,1.555519,1
836,1,0.816107,1
225,1,2.798499,1
6612,0,-3.073606,0
6096,0,0.496277,1
302,1,3.141843,1
444,1,1.502961,1
6578,0,-2.323482,0
5205,0,-2.124047,0
3239,1,3.17262,1
5490,0,-2.514062,0
5519,0,-3.001286,0
2392,1,1.213218,1
2716,1,0.873672,1
1046,1,1.222214,1
2175,1,-1.434513,0
4495,0,-0.699047,1
752,1,1.621392,1
3208,1,0.244233,1
3695,1,2.381097,1
7643,0,-0.99681,1
71,1,1.600708,1
6226,0,-1.330779,0
142,1,2.016591,1
6398,0,-1.855398,0
4117,0,-2.201283,0
7080,0,-2.001067,0
7390,0,-2.938492,0
3219,1,2.920071,1
2333,1,0.897131,1
4061,0,-1.625525,0
3235,1,3.474046,1
6143,0,-0.65109,1
5498,0,-2.072985,0
3889,1,1.140969,1
5948,0,-2.806615,0
5894,0,-2.922795,0
5222,0,-2.800738,0
4999,0,-1.489344,0
3062,1,2.350357,1
2070,1,-2.260957,0
2071,1,4.230465,1
1370,1,2.200897,1
2147,1,3.86956,1
1397,1,0.886499,1
5036,0,-3.707216,0
1163,1,2.057402,1
5800,0,-1.141548,1
5711,0,-1.988832,0
4719,0,-2.390331,0
7485,0,-1.074198,1
7700,0,-3.372208,0
4297,0,-2.554984,0
4636,0,-0.235743,1
5124,0,-2.597555,0
9,1,3.913017,1
2963,1,3.11712,1
3843,1,-2.879975,0
2133,1,2.26306,1
4824,0,-1.081488,1
901,1,3.046104,1
6941,0,-1.791728,0
746,1,-0.029231,1
3890,1,0.894429,1
7980,0,0.412866,1
1701,1,0.476807,1
4183,0,-1.410771,0
4210,0,-0.720284,1
6199,0,-1.877013,0
1609,1,2.976828,1
1597,1,3.441239,1
1828,1,1.284863,1
3276,1,4.31969,1
2658,1,1.272277,1
2383,1,1.385081,1
880,1,0.49484,1
312,1,1.88684,1
2591,1,-1.122017,1
4486,0,-0.593414,1
3645,1,2.159758,1
7431,0,0.386566,1
2770,1,1.009201,1
364,1,3.084334,1
1182,1,2.686637,1
4423,0,-0.52815,1
1331,1,1.635416,1
1247,1,1.689918,1
6894,0,0.348833,1
550,1,-0.3414,1
1139,1,3.87929,1
2571,1,1.957841,1
2349,1,2.014407,1
2837,1,-0.843954,1
5542,0,0.935094,1
769,1,2.072891,1
5088,0,-1.991634,0
804,1,0.216174,1
3027,1,-0.325492,1
586,1,0.831505,1
214,1,3.124756,1
6659,0,-0.365241,1
6000,0,-0.507908,1
6486,0,-1.60616,0
1733,1,1.762965,1
161,1,1.554394,1
4510,0,-1.921215,0
6982,0,-3.194134,0
5914,0,-1.848277,0
1049,1,1.799879,1
1065,1,2.341218,1
6162,0,-2.334388,0
1902,1,1.854573,1
3905,1,0.670622,1
7465,0,-1.397564,0
7749,0,-3.233559,0
4178,0,-3.980193,0
6282,0,-1.205583,1
2893,1,2.87293,1
2687,1,1.567483,1
2854,1,-0.951909,1
7141,0,2.530483,1
5995,0,-1.348129,0
283,1,2.789247,1
4771,0,-3.353286,0
2012,1,1.80844,1
4596,0,-0.735575,1
2466,1,-1.027049,1
6906,0,-1.854459,0
4184,0,-2.432882,0
7760,0,-1.986666,0
5697,0,-1.829276,0
5485,0,-2.541486,0
3181,1,1.354937,1
1323,1,4.700503,1
6047,0,-2.487692,0
6683,0,-0.143476,1
29,1,6.36814,1
3295,1,4.457881,1
2158,1,2.152214,1
4704,0,-1.614122,0
5023,0,-1.604912,0
2419,1,-1.936251,0
5560,0,-1.343573,0
6763,0,-1.171847,1
7231,0,0.451765,1
7974,0,-0.229771,1
5678,0,-2.773304,0
5893,0,-2.368978,0
852,1,1.127492,1
893,1,1.594429,1
780,1,0.898954,1
1467,1,2.272763,1
7996,0,-1.464861,0
3589,1,0.714627,1
4015,0,-1.693821,0
3699,1,-2.215068,0
4376,0,-3.037278,0
2891,1,1.679015,1
7649,0,-0.834469,1
333,1,3.271401,1
1024,1,2.737297,1
5338,0,-0.468983,1
4692,0,-3.625224,0
5739,0,-2.15791,0
7201,0,-0.044208,1
5053,0,-0.041268,1
6256,0,-2.434423,0
1966,1,1.2127,1
7233,0,-1.65712,0
1758,1,2.942444,1
2451,1,0.136608,1
72,1,4.283535,1
774,1,0.069782,1
1125,1,1.489429,1
2690,1,2.631894,1
3026,1,2.046266,1
2878,1,-0.03556,1
5133,0,-2.15442,0
3339,1,2.870388,1
6117,0,-0.86611,1
576,1,-0.81816,1
4363,0,-2.080691,0
3773,1,4.165852,1
2817,1,-0.006783,1
1258,1,1.506915,1
829,1,1.845914,1
1023,1,1.503333,1
3526,1,-1.77281,0
815,1,2.56079,1
7692,0,-3.085983,0
4062,0,-0.432361,1
6987,0,-1.788402,0
6596,0,2.302427,1
4774,0,0.714182,1
5964,0,-2.340439,0
1869,1,2.316626,1
5715,0,-2.102972,0
5399,0,-0.518808,1
3509,1,1.862652,1
1076,1,-0.161733,1
4525,0,-1.587431,0
7762,0,0.390433,1
1691,1,3.947755,1
100,1,3.165403,1
4826,0,-1.475281,0
6707,0,-1.25536,0
5613,0,0.456078,1
4806,0,-1.524919,0
4188,0,-1.409668,0
7309,0,-2.461341,0
18,1,0.096776,1
741,1,-0.484113,1
4830,0,-2.419571,0
5576,0,-1.919272,0
3710,1,1.901737,1
7284,0,-2.520331,0
4678,0,-1.186687,1
7177,0,-1.734812,0
628,1,2.534438,1
5534,0,-0.781387,1
6433,0,-0.883442,1
433,1,0.794829,1
4988,0,-2.178088,0
3953,1,2.018096,1
2708,1,2.071895,1
6572,0,-1.980579,0
5115,0,-2.05882,0
4386,0,-2.946611,0
7278,0,-1.990183,0
4671,0,-1.669927,0
402,1,0.440756,1
3326,1,5.907563,1
7124,0,0.689576,1
6985,0,-0.733173,1
4770,0,0.376439,1
4036,0,-1.547414,0
2566,1,2.059709,1
4795,0,0.287987,1
4801,0,-2.261036,0
4314,0,0.488908,1
4574,0,-2.793806,0
6747,0,-0.306455,1
4211,0,-2.968332,0
5159,0,1.791278,1
194,1,2.978626,1
1627,1,1.215884,1
3398,1,-1.590201,0
2766,1,1.280767,1
1764,1,2.868718,1
5763,0,-2.776423,0
6041,0,-1.974305,0
464,1,-0.170937,1
7468,0,-1.343904,0
3381,1,-0.071626,1
4303,0,-0.065792,1
4492,0,-1.236988,1
2838,1,2.241462,1
7833,0,-1.28863,0
5289,0,-1.88186,0
3470,1,0.318516,1
2731,1,2.412387,1
7657,0,0.265534,1
1656,1,0.036901,1
3733,1,-0.427408,1
7805,0,0.160794,1
6633,0,-1.695672,0
5978,0,-0.936308,1
6863,0,-0.309173,1
7179,0,-2.638455,0
2605,1,1.630925,1
5309,0,-2.544667,0
2092,1,1.88051,1
1262,1,2.270503,1
559,1,-0.279299,1
1472,1,2.060277,1
2130,1,1.508057,1
6323,0,-2.085357,0
3586,1,0.081078,1
2277,1,2.285262,1
3901,1,0.679076,1
6822,0,-2.078606,0
5790,0,-3.832729,0
7376,0,-1.416103,0
2022,1,1.275199,1
1561,1,1.911179,1
6238,0,-1.754351,0
6485,0,-2.976038,0
3252,1,-0.680114,1
4107,0,-0.728949,1
3983,1,0.793705,1
3240,1,-0.676312,1
2261,1,-0.185077,1
7636,0,-2.49807,0
344,1,2.029088,1
1588,1,2.079091,1
5671,0,0.522675,1
3821,1,-0.571107,1
863,1,1.914224,1
5069,0,-2.344597,0
3605,1,4.288851,1
6267,0,0.924523,1
3885,1,1.906313,1
6911,0,-0.735233,1
1275,1,2.558022,1
7982,0,2.910013,1
6693,0,1.826667,1
1473,1,2.624,1
4840,0,-1.823011,0
230,1,0.323042,1
1579,1,2.909971,1
2833,1,2.449947,1
4932,0,-1.080379,1
1774,1,1.920399,1
166,1,3.604858,1
1531,1,2.580399,1
786,1,4.750925,1
450,1,-2.246629,0
7128,0,-2.46715,0
196,1,1.427937,1
6955,0,-0.991828,1
5882,0,-2.445695,0
3536,1,-0.752252,1
1760,1,1.847802,1
7964,0,-3.66597,0
3558,1,3.228951,1
366,1,-0.519561,1
6087,0,-1.302775,0
4896,0,-1.253497,0
5591,0,-0.310749,1
3782,1,-0.326165,1
2248,1,3.03088,1
6544,0,-0.023109,1
5710,0,-0.085388,1
7544,0,-3.229762,0
6937,0,-0.730697,1
4862,0,0.114225,1
5703,0,-0.767903,1
802,1,1.506346,1
1511,1,3.013407,1
7999,0,-2.684545,0
2195,1,2.90077,1
4846,0,-1.601458,0
7508,0,-0.906984,1
5443,0,-1.947592,0
2072,1,2.413912,1
1854,1,1.789062,1
1309,1,0.774702,1
3775,1,1.849357,1
5958,0,-0.887903,1
7488,0,-0.700776,1
564,1,4.511717,1
7417,0,-2.927951,0
760,1,0.877559,1
5318,0,-2.291395,0
6457,0,-1.991777,0
7276,0,-0.339592,1
1880,1,1.210068,1
3676,1,0.913978,1
3664,1,-0.836739,1
2363,1,3.65358,1
4115,0,-0.444271,1
3463,1,2.198166,1
5387,0,-1.637315,0
3738,1,-0.629925,1
3523,1,0.893127,1
684,1,4.66555,1
3291,1,2.074858,1
6513,0,-1.798278,0
3396,1,2.065634,1
5749,0,0.448184,1
837,1,2.713702,1
2856,1,1.145828,1
2374,1,3.060365,1
5685,0,-1.319835,0
6304,0,-1.438947,0
7646,0,-2.191636,0
2962,1,0.089634,1
2116,1,2.271401,1
7940,0,-1.622459,0
7493,0,-1.603131,0
993,1,-1.839811,0
1081,1,1.884646,1
845,1,-1.27122,0
5491,0,-1.732356,0
4996,0,-0.753377,1
6077,0,-1.259877,0
3322,1,-1.66001,0
698,1,3.202618,1
7686,0,0.1336,1
6344,0,-1.238608,0
1189,1,2.031347,1
1217,1,2.934467,1
7554,0,0.227252,1
720,1,-0.158759,1
2393,1,-1.518123,0
4717,0,-1.252722,0
307,1,2.74877,1
7466,0,-4.336505,0
4164,0,-1.178182,1
4573,0,-1.158454,1
7650,0,-1.486632,0
5825,0,-2.131736,0
591,1,2.201233,1
7611,0,-1.694609,0
5586,0,0.004246,1
5757,0,-2.77943,0
2148,1,1.10003,1
4333,0,-2.14232,0
5493,0,-2.401054,0
1976,1,3.162635,1
506,1,2.969782,1
1632,1,1.3156,1
6294,0,2.776732,1
3659,1,2.639498,1
6935,0,-0.846074,1
2684,1,1.498145,1
5314,0,0.264517,1
620,1,1.25091,1
3004,1,2.179713,1
7655,0,-1.953993,0
4700,0,-2.241156,0
4037,0,-1.262788,0
7004,0,-2.582989,0
2842,1,2.275459,1
3039,1,2.136931,1
7093,0,-1.664038,0
5516,0,-2.280703,0
7491,0,-1.599316,0
3942,1,0.869405,1
2517,1,1.881732,1
3377,1,2.349603,1
7239,0,-1.433452,0
2156,1,2.85911,1
5442,0,-1.209995,1
190,1,1.112392,1
7265,0,-0.291094,1
1810,1,2.900963,1
5677,0,-1.983167,0
1038,1,-0.205995,1
1237,1,0.670484,1
2632,1,2.449821,1
5096,0,-2.319255,0
363,1,-0.725386,1
2454,1,-2.006118,0
2417,1,-1.693783,0
6833,0,-2.14847,0
930,1,2.852592,1
5269,0,-1.773754,0
2294,1,1.230182,1
5313,0,-1.493191,0
3921,1,2.386123,1
2513,1,2.49552,1
1611,1,1.645206,1
7790,0,-1.980116,0
1969,1,-2.180788,0
509,1,1.609397,1
1490,1,-1.170935,1
3875,1,2.099915,1
4684,0,-0.847211,1
3868,1,1.840311,1
4136,0,3.906601,1
504,1,0.798316,1
3471,1,0.626828,1
6808,0,-1.854182,0
5736,0,-1.693083,0
5375,0,-1.91927,0
7932,0,-0.089533,1
4177,0,-1.338561,0
7208,0,-1.852643,0
652,1,0.102148,1
234,1,0.988536,1
6636,0,-0.033259,1
6179,0,-2.389646,0
7049,0,-0.132375,1
7685,0,-1.297209,0
7473,0,0.132333,1
4415,0,-1.632303,0
7917,0,-1.425727,0
2947,1,2.433256,1
5057,0,-0.76857,1
7331,0,-2.219088,0
1235,1,3.069346,1
6187,0,-0.307969,1
4673,0,-1.607822,0
5598,0,-0.240064,1
2970,1,1.702669,1
5792,0,-1.423471,0
6388,0,-3.473497,0
2983,1,1.851381,1
1436,1,1.407969,1
6212,0,-2.321141,0
7928,0,-3.006765,0
4757,0,-0.791091,1
384,1,2.300168,1
6829,0,-1.770553,0
1658,1,2.381738,1
1541,1,3.07035,1
1503,1,-2.79773,0
4038,0,1.34103,1
2973,1,1.591331,1
7507,0,-2.502139,0
97,1,3.190717,1
5144,0,-2.571955,0
4542,0,-0.943219,1
3056,1,-1.143075,1
2219,1,1.969352,1
642,1,0.580414,1
7602,0,-1.249662,0
7587,0,-1.554675,0
7567,0,-1.434084,0
3636,1,0.877213,1
2989,1,2.003596,1
266,1,2.485685,1
4681,0,-0.176306,1
6316,0,-1.669142,0
7392,0,-0.819926,1
5818,0,-1.665282,0
2742,1,1.318785,1
7518,0,-0.183143,1
1928,1,-0.136307,1
2336,1,2.638187,1
2958,1,1.295548,1
2979,1,2.542814,1
6480,0,0.280227,1
4121,0,-2.288442,0
2380,1,3.2183,1
2646,1,2.541532,1
5156,0,-3.235623,0
7077,0,-1.688414,0
6252,0,-2.323723,0
492,1,2.579839,1
5461,0,-3.484171,0
4310,0,-1.059879,1
6071,0,-0.684027,1
6667,0,-1.017493,1
6288,0,-1.842797,0
6648,0,-2.268425,0
1783,1,3.28593,1
6697,0,-2.101976,0
6351,0,-1.172426,1
7673,0,-1.882278,0
2106,1,1.755787,1
4040,0,-0.035815,1
7002,0,-1.561175,0
980,1,2.737852,1
6360,0,-2.453835,0
1444,1,2.855602,1
4634,0,-1.741025,0
1858,1,1.509877,1
1680,1,2.301628,1
3938,1,2.174499,1
3145,1,1.36491,1
524,1,-0.460614,1
6553,0,-1.739991,0
3369,1,3.924564,1
162,1,-0.960023,1
2701,1,1.359801,1
5226,0,-0.686982,1
7209,0,-2.490942,0
1420,1,0.150407,1
7958,0,-0.152124,1
4939,0,-1.156187,1
3541,1,0.863279,1
5149,0,-2.681443,0
2251,1,1.91307,1
7368,0,-1.309589,0
6404,0,-1.266405,0
1591,1,0.566177,1
2337,1,3.053008,1
4480,0,-0.790304,1
5039,0,-1.615861,0
6714,0,-0.481798,1
849,1,2.072891,1
5236,0,-2.421593,0
2445,1,-0.708611,1
3928,1,2.370229,1
6871,0,-1.798617,0
7641,0,-0.33523,1
1274,1,3.08021,1
7670,0,-0.112408,1
1823,1,2.044487,1
2516,1,2.851935,1
5151,0,-1.215374,1
2080,1,1.040653,1
431,1,-0.611579,1
6963,0,-3.025935,0
7989,0,-1.262752,0
2286,1,2.092153,1
2409,1,0.043519,1
723,1,3.515904,1
2365,1,3.382474,1
4466,0,-1.256112,0
3631,1,1.881272,1
2047,1,-0.22793,1
4012,0,-1.755936,0
4304,0,-3.078807,0
4174,0,-1.427387,0
2206,1,1.184172,1
2621,1,1.882137,1
2139,1,0.780332,1
4952,0,-1.230301,1
1114,1,3.2701,1
171,1,2.279881,1
614,1,3.606631,1
6781,0,-1.713032,0
3865,1,-2.156162,0
539,1,4.082525,1
6198,0,-1.662671,0
1830,1,2.422481,1
3933,1,3.425894,1
4250,0,-2.244335,0
6940,0,-0.837325,1
6998,0,-1.966284,0
2631,1,2.210686,1
948,1,3.572517,1
6114,0,-0.544386,1
1622,1,2.819054,1
6946,0,0.017091,1
3577,1,0.737138,1
1857,1,3.185617,1
3343,1,3.22885,1
1913,1,-0.29371,1
6939,0,2.094948,1
6570,0,-1.408198,0
910,1,0.772081,1
1601,1,1.522538,1
7901,0,-3.442505,0
7779,0,-1.815859,0
2626,1,2.412077,1
5947,0,-1.394208,0
7767,0,-1.417682,0
4491,0,-1.565763,0
4101,0,1.630669,1
5437,0,-2.454085,0
6386,0,-1.253992,0
236,1,-1.389414,0
560,1,2.192848,1
4562,0,-1.76099,0
6685,0,-2.723913,0
2896,1,2.147189,1
3077,1,1.925218,1
5716,0,-2.112721,0
6761,0,-1.24128,0
2174,1,0.623166,1
7868,0,-0.324561,1
2495,1,1.722665,1
525,1,-0.123073,1
5636,0,-2.988108,0
5020,0,-1.301582,0
6885,0,-1.669214,0
4743,0,-0.934487,1
5407,0,-1.752384,0
2620,1,2.727401,1
7319,0,-2.101902,0
5597,0,-3.189023,0
3624,1,-0.234972,1
2794,1,2.333622,1
349,1,3.316927,1
616,1,1.800424,1
5136,0,-3.111253,0
4859,0,-2.505624,0
7348,0,-1.305459,0
3997,1,-0.698828,1
1898,1,1.738651,1
7460,0,-0.557434,1
7668,0,-1.086739,1
148,1,1.745156,1
7576,0,-1.102306,1
7187,0,-1.967663,0
3121,1,1.739891,1
6330,0,-2.773376,0
6402,0,-2.919764,0
1387,1,0.322401,1
5810,0,-0.472546,1
996,1,0.058119,1
4442,0,-2.781499,0
7228,0,-0.422897,1
6495,0,-0.51258,1
2173,1,3.453372,1
252,1,-0.60942,1
7052,0,-3.332293,0
2461,1,-1.162735,1
4688,0,-0.711859,1
1319,1,2.928377,1
4132,0,-3.170623,0
5879,0,-1.970643,0
909,1,0.468723,1
146,1,1.491219,1
7266,0,1.193461,1
5669,0,-1.194762,1
1381,1,3.268831,1
7252,0,-0.535992,1
7581,0,-1.837826,0
6594,0,-1.205936,1
6425,0,-1.731357,0
2464,1,-1.320666,0
4258,0,-1.665651,0
6807,0,-0.639724,1
7373,0,-1.336369,0
2704,1,2.468009,1
5356,0,-3.177412,0
3946,1,0.46665,1
970,1,-0.922812,1
4861,0,-1.825933,0
3567,1,-1.118236,1
313,1,3.317269,1
3671,1,1.676097,1
5139,0,-0.759556,1
3620,1,1.041779,1
67,1,0.279854,1
7796,0,-1.939649,0
4233,0,-2.25346,0
6094,0,-3.225955,0
6451,0,-1.292841,0
11,1,0.657173,1
675,1,1.311836,1
7247,0,-1.431555,0
999,1,0.275768,1
3456,1,0.200532,1
3623,1,1.869395,1
535,1,0.032572,1
4943,0,-0.966419,1
903,1,1.615683,1
4792,0,-2.315964,0
5754,0,-0.700412,1
5940,0,-1.940948,0
7324,0,-2.037154,0
3984,1,1.473827,1
1254,1,3.336602,1
2055,1,2.018091,1
1091,1,0.688392,1
5312,0,0.217896,1
3956,1,-0.815028,1
2894,1,1.486065,1
4666,0,-1.947637,0
2760,1,1.721535,1
4594,0,-0.894732,1
3150,1,2.175913,1
3689,1,0.217441,1
1459,1,0.334562,1
1535,1,0.94952,1
3259,1,1.117148,1
2119,1,2.859103,1
781,1,2.143709,1
7555,0,-2.694835,0
4005,0,-1.087446,1
2501,1,2.741005,1
6938,0,-1.360542,0
3638,1,1.225588,1
5366,0,0.328584,1
3459,1,3.277411,1
6928,0,-2.753569,0
1233,1,2.234217,1
4922,0,-1.081767,1
3440,1,2.730551,1
3989,1,1.757441,1
688,1,0.210111,1
7849,0,-1.3563,0
1322,1,0.456399,1
4218,0,-0.826059,1
5034,0,-0.903648,1
4642,0,-1.143827,1
1867,1,2.346514,1
1926,1,-1.14644,1
1975,1,-0.147474,1
669,1,0.759181,1
2302,1,3.432503,1
5819,0,-2.11284,0
7904,0,-0.586072,1
2490,1,1.66681,1
1446,1,2.575971,1
2066,1,2.593608,1
565,1,0.63021,1
5507,0,-2.626148,0
5565,0,-0.747449,1
400,1,0.386034,1
7330,0,-0.760454,1
3368,1,0.846203,1
2863,1,2.322373,1
4402,0,-1.613652,0
4336,0,-2.218552,0
6317,0,-1.057612,1
495,1,1.099279,1
387,1,1.082017,1
1155,1,3.102189,1
3120,1,-0.864291,1
3298,1,3.077563,1
5496,0,-1.296221,0
261,1,0.902124,1
1312,1,1.299163,1
6189,0,-0.181394,1
5689,0,-3.299596,0
4558,0,-1.280897,0
5457,0,-3.462501,0
1302,1,2.570795,1
2582,1,2.270735,1
4579,0,-2.401407,0
2873,1,0.120272,1
5633,0,0.54068,1
1209,1,3.442591,1
959,1,1.82604,1
1052,1,0.852876,1
4581,0,0.767646,1
7773,0,-1.616652,0
1260,1,0.957053,1
7639,0,-2.506088,0
2198,1,4.111126,1
4605,0,-2.733877,0
5295,0,-3.635466,0
1034,1,0.938557,1
35,1,2.015666,1
1031,1,2.914563,1
1398,1,1.544229,1
2765,1,2.147483,1
6897,0,-0.307079,1
6577,0,-0.333243,1
4065,0,-3.391368,0
4343,0,-1.117107,1
4580,0,-1.05303,1
41,1,-1.30273,0
5533,0,-1.675127,0
449,1,0.529382,1
7245,0,-2.347777,0
570,1,1.757259,1
2275,1,4.216381,1
3597,1,1.412026,1
965,1,1.29802,1
5732,0,0.10152,1
1494,1,1.277553,1
5449,0,-2.829285,0
2644,1,3.487946,1
3958,1,1.495204,1
5713,0,-1.471259,0
1773,1,1.673935,1
689,1,-1.40635,0
1367,1,2.574719,1
5552,0,-1.307982,0
7561,0,-4.009488,0
2841,1,2.431396,1
249,1,2.681329,1
7656,0,-3.341958,0
4187,0,-1.702887,0
4570,0,-2.881431,0
6988,0,-0.836786,1
2323,1,3.117221,1
3503,1,3.392689,1
3831,1,1.162109,1
6392,0,-0.458586,1
3706,1,3.096834,1
5785,0,-3.072248,0
4609,0,-2.188804,0
1802,1,1.18945,1
3104,1,2.365905,1
4354,0,-2.899919,0
2075,1,1.690095,1
7706,0,-2.650473,0
4800,0,-1.693893,0
4705,0,-0.810097,1
116,1,1.181521,1
1786,1,1.52466,1
4928,0,-0.433671,1
4180,0,-1.018179,1
2859,1,1.296737,1
2067,1,5.088549,1
7222,0,-1.78478,0
5185,0,1.307691,1
3981,1,1.030671,1
6836,0,0.470346,1
3660,1,2.729794,1
4195,0,-2.473916,0
4412,0,-2.737082,0
76,1,3.077375,1
4008,0,-1.950797,0
4835,0,-1.876143,0
4044,0,-0.980113,1
7411,0,-2.517411,0
2360,1,3.733514,1
365,1,1.339568,1
4913,0,-1.70381,0
592,1,1.889254,1
403,1,-2.275766,0
5569,0,-0.917661,1
1007,1,4.987882,1
2890,1,2.506908,1
7116,0,-3.443133,0
4956,0,-2.149419,0
1458,1,4.821038,1
1286,1,2.97284,1
566,1,4.14499,1
2228,1,2.347287,1
2023,1,4.210927,1
6232,0,-0.907766,1
3429,1,0.220067,1
3260,1,4.392225,1
7349,0,-2.128663,0
4434,0,-1.786157,0
7862,0,-0.824069,1
3585,1,1.432968,1
6658,0,1.199618,1
2382,1,-0.717619,1
1374,1,0.312327,1
7951,0,-2.117161,0
1991,1,1.746685,1
1113,1,3.350807,1
4494,0,-1.472245,0
5996,0,-2.571764,0
4869,0,-2.698414,0
5750,0,-1.942235,0
7079,0,-1.128112,1
3080,1,2.161189,1
7263,0,-1.63304,0
6075,0,-1.436469,0
7526,0,-2.886118,0
788,1,1.938942,1
4908,0,-1.600193,0
3649,1,1.56351,1
459,1,2.143607,1
3348,1,1.247418,1
2717,1,-0.317006,1
356,1,2.439698,1
3487,1,1.144241,1
1572,1,3.33949,1
7551,0,-1.16108,1
2361,1,2.465181,1
6489,0,-1.557355,0
2562,1,3.237773,1
7133,0,-3.437583,0
553,1,2.085414,1
4262,0,-1.363549,0
2034,1,2.825181,1
3285,1,1.802818,1
5864,0,-2.690286,0
5556,0,-2.04288,0
4665,0,-1.774427,0
6440,0,-1.361036,0
5735,0,-0.151574,1
5264,0,-3.318523,0
4612,0,-0.270672,1
5015,0,-2.153658,0
1244,1,2.739649,1
2940,1,3.535112,1
3430,1,1.806978,1
2453,1,1.688506,1
1339,1,1.119816,1
2797,1,-2.341879,0
5550,0,-2.294201,0
280,1,3.979755,1
2138,1,3.577328,1
1140,1,4.23073,1
5573,0,-0.823045,1
3210,1,3.74771,1
738,1,3.303087,1
5090,0,-1.135409,1
3702,1,1.156634,1
7548,0,-3.037521,0
3691,1,1.194485,1
390,1,3.887272,1
615,1,2.992028,1
5582,0,-1.469784,0
4865,0,-3.436034,0
3389,1,1.275552,1
3351,1,-0.948451,1
2436,1,-1.642557,0
7501,0,-1.103049,1
5653,0,-0.211245,1
3977,1,2.09857,1
6289,0,-1.708197,0
5852,0,-0.403364,1
621,1,-0.144318,1
6855,0,-3.116353,0
4725,0,-2.90337,0
2491,1,1.053285,1
4606,0,-0.844616,1
6864,0,-2.898238,0
4435,0,-2.551003,0
578,1,3.601591,1
5350,0,-1.56248,0
765,1,-1.303213,0
30,1,2.530785,1
4287,0,-1.455456,0
6650,0,-2.209056,0
5199,0,-1.935222,0
3421,1,0.283141,1
5608,0,-0.279122,1
4123,0,-0.180422,1
3692,1,2.617423,1
2802,1,3.512974,1
160,1,2.864661,1
4030,0,-2.877992,0
4035,0,-1.060074,1
6010,0,-1.369895,0
2397,1,0.727567,1
7946,0,-1.694021,0
3796,1,-1.577777,0
5153,0,-2.560364,0
6793,0,0.175996,1
2853,1,2.182389,1
4024,0,0.787682,1
1875,1,2.899691,1
5106,0,-0.980221,1
1248,1,1.454824,1
453,1,2.489152,1
4166,0,-2.406158,0
3519,1,1.40442,1
4361,0,-0.967729,1
3641,1,0.999955,1
5857,0,-1.832691,0
3358,1,2.486916,1
4799,0,-0.910842,1
954,1,0.921404,1
2350,1,2.441006,1
2425,1,1.542977,1
593,1,3.514336,1
2460,1,1.686005,1
4153,0,-2.081821,0
1402,1,2.893874,1
174,1,0.432038,1
5646,0,-0.844296,1
6264,0,-2.630971,0
2869,1,2.51853,1
6355,0,-2.087812,0
150,1,2.241101,1
2741,1,1.987678,1
2540,1,1.960045,1
94,1,2.49223,1
6630,0,-1.3072,0
1224,1,2.331939,1
6978,0,0.045323,1
7137,0,-1.146888,1
2754,1,1.775976,1
756,1,2.713702,1
6981,0,-1.081571,1
1589,1,-0.230296,1
7418,0,-2.374473,0
3325,1,1.342113,1
4534,0,-3.15907,0
4592,0,-2.332545,0
6499,0,-2.999691,0
3803,1,1.886768,1
2647,1,0.54985,1
1232,1,4.184571,1
7069,0,-1.027224,1
1798,1,2.191415,1
7264,0,0.452631,1
1759,1,2.132463,1
3156,1,0.005164,1
691,1,3.101019,1
2037,1,3.708828,1
7623,0,-2.321436,0
1907,1,2.353804,1
6852,0,-2.191254,0
1203,1,3.084582,1
2467,1,-0.02792,1
5661,0,0.345679,1
129,1,2.515803,1
3506,1,2.96956,1
7353,0,-2.188362,0
855,1,1.276239,1
4773,0,0.229994,1
3650,1,-0.029836,1
1036,1,0.518137,1
703,1,0.587892,1
5946,0,-1.595004,0
4259,0,-3.499947,0
6397,0,-1.750072,0
2475,1,0.683022,1
5058,0,-1.250184,0
93,1,3.559906,1
7987,0,-1.173214,1
5683,0,-0.883267,1
7719,0,-2.090052,0
3128,1,2.346624,1
1542,1,2.386861,1
609,1,1.878053,1
1831,1,1.144576,1
668,1,0.910388,1
4467,0,-4.173951,0
2496,1,1.755243,1
493,1,1.314599,1
938,1,1.08756,1
337,1,1.351331,1
7819,0,-0.38517,1
115,1,4.226709,1
4944,0,-0.531221,1
7596,0,-2.732176,0
70,1,2.840063,1
6716,0,-2.153638,0
4966,0,-1.049208,1
5692,0,-1.328921,0
6134,0,-2.704926,0
2299,1,2.964327,1
5165,0,-1.599891,0
3415,1,1.406136,1
1552,1,0.530356,1
6965,0,-0.974943,1
5675,0,-0.447413,1
4578,0,-0.907066,1
3774,1,0.440241,1
7600,0,-0.855091,1
7957,0,-0.568742,1
4302,0,-1.454311,0
7604,0,-2.709268,0
7933,0,3.935931,1
3860,1,0.400079,1
4858,0,-0.894184,1
2696,1,-1.397342,0
3840,1,2.048723,1
3985,1,1.25517,1
6207,0,-0.158028,1
7703,0,-3.7744,0
6877,0,-0.837052,1
3871,1,2.533626,1
1377,1,2.471364,1
7140,0,-0.383316,1
7323,0,-3.344978,0
3582,1,1.756269,1
7409,0,0.424849,1
685,1,2.305865,1
5475,0,1.293764,1
2583,1,-0.161329,1
6428,0,-0.266662,1
6782,0,-2.984521,0
1190,1,2.048732,1
6004,0,-2.4536,0
5564,0,-1.902799,0
7084,0,-2.319456,0
6999,0,-1.11343,1
360,1,3.090502,1
3433,1,2.667943,1
2327,1,1.750499,1
4608,0,-2.966858,0
3136,1,2.663795,1
3402,1,0.730829,1
4172,0,-2.07118,0
4093,0,-1.161811,1
10,1,2.488002,1
2832,1,2.231927,1
7815,0,-2.971341,0
3353,1,1.990574,1
2058,1,4.95847,1
4981,0,-2.212435,0
385,1,3.815509,1
1253,1,1.616372,1
6449,0,-0.851671,1
2539,1,1.700109,1
5412,0,-0.588442,1
7090,0,-0.546335,1
3081,1,1.849712,1
5717,0,-3.216292,0
6589,0,-2.52474,0
3713,1,0.714777,1
6828,0,-0.998374,1
259,1,4.078347,1
1608,1,3.451406,1
4543,0,-1.820262,0
6453,0,2.781485,1
4127,0,0.430374,1
7625,0,-1.258349,0
7583,0,-1.739822,0
5405,0,-1.773128,0
6201,0,1.504176,1
3297,1,-0.453444,1
5530,0,-1.025051,1
6797,0,-2.314202,0
1526,1,2.925593,1
1742,1,3.071379,1
6177,0,-3.05799,0
5287,0,-1.343215,0
6534,0,-2.259989,0
2054,1,1.536707,1
5670,0,-1.348704,0
4938,0,-1.974373,0
1221,1,4.174264,1
7856,0,0.151094,1
1602,1,1.887664,1
2724,1,1.826167,1
7733,0,-2.248105,0
7840,0,-2.805739,0
5805,0,-0.784002,1
7547,0,0.724633,1
5141,0,1.057707,1
2370,1,1.625169,1
4068,0,-2.595743,0
4350,0,-1.403496,0
1606,1,3.841823,1
6135,0,0.610037,1
7766,0,-3.19149,0
2498,1,1.997468,1
5532,0,-0.440273,1
5223,0,-0.895859,1
4904,0,-1.614248,0
6791,0,-0.456235,1
2020,1,0.777821,1
3578,1,0.345345,1
2639,1,2.473717,1
3565,1,1.869929,1
91,1,-1.284165,0
6026,0,-2.928102,0
3277,1,2.812722,1
6046,0,-2.964721,0
761,1,0.840095,1
4091,0,-3.003721,0
5047,0,0.219126,1
1732,1,2.070675,1
3188,1,4.867092,1
7538,0,-1.327701,0
2629,1,1.045209,1
2406,1,-2.488277,0
1956,1,2.762219,1
5842,0,-1.314562,0
1748,1,4.49799,1
7908,0,-0.719034,1
851,1,1.988313,1
3029,1,2.699992,1
4305,0,-2.662877,0
1355,1,0.552151,1
1373,1,1.249067,1
4521,0,-1.22512,1
147,1,0.793645,1
4072,0,-2.005093,0
5992,0,-2.651962,0
5077,0,-2.842216,0
5003,0,-0.743613,1
2567,1,2.803511,1
1769,1,0.952065,1
6816,0,-2.655194,0
6263,0,-2.091896,0
4478,0,0.288253,1
7125,0,-0.107923,1
2331,1,2.407657,1
6475,0,-1.323387,0
5231,0,-1.740707,0
743,1,1.56013,1
3850,1,0.552787,1
1615,1,2.870983,1
6744,0,0.53127,1
6467,0,-2.803837,0
2835,1,2.697364,1
3273,1,2.683122,1
6970,0,-1.834371,0
6618,0,-2.383263,0
6484,0,-1.619966,0
3412,1,1.396972,1
4921,0,-3.137875,0
1148,1,2.641784,1
511,1,0.896235,1
5272,0,1.17483,1
5494,0,-3.095139,0
5691,0,-2.017044,0
5559,0,-1.243854,0
4337,0,-0.499896,1
1849,1,3.698846,1
573,1,3.907194,1
6239,0,-0.868368,1
460,1,-1.009673,1
7243,0,-2.958463,0
4702,0,-0.64047,1
7947,0,-2.680251,0
5528,0,-1.213418,1
4885,0,-0.279156,1
5755,0,-1.634661,0
5459,0,-0.045228,1
7965,0,-1.118811,1
2861,1,1.724941,1
3362,1,1.785522,1
3194,1,1.886354,1
2157,1,2.711854,1
2735,1,0.365213,1
3554,1,2.205841,1
929,1,3.346486,1
3031,1,1.765441,1
1169,1,3.669462,1
388,1,2.710016,1
5641,0,-0.484654,1
4167,0,-0.995525,1
4410,0,-0.988549,1
5895,0,-1.785578,0
2502,1,1.756756,1
5510,0,-1.812003,0
6051,0,-0.275459,1
2215,1,2.357538,1
4285,0,-1.655012,0
4630,0,-1.185154,1
6925,0,0.138995,1
2656,1,1.797757,1
3314,1,1.33411,1
3247,1,2.634551,1
1941,1,2.910758,1
3756,1,0.050238,1
6157,0,-1.694576,0
3759,1,1.599393,1
4359,0,-1.015898,1
6758,0,-3.161664,0
1012,1,3.965572,1
2446,1,2.988471,1
2713,1,2.180148,1
3135,1,2.402582,1
6881,0,-1.63139,0
4013,0,-1.584088,0
1218,1,2.111451,1
2245,1,3.416413,1
4225,0,-2.26452,0
6607,0,-3.248231,0
854,1,6.303372,1
382,1,-0.473801,1
2052,1,1.669592,1
3383,1,0.693233,1
2964,1,-0.103826,1
1645,1,1.276223,1
1029,1,2.340016,1
2172,1,0.289868,1
5328,0,0.158766,1
1165,1,1.943917,1
1934,1,3.700616,1
3101,1,1.860118,1
2670,1,2.327208,1
2671,1,2.719729,1
6865,0,-0.168547,1
692,1,-1.658069,0
278,1,2.768884,1
2073,1,2.481736,1
3765,1,1.469519,1
2946,1,1.083185,1
2486,1,0.335738,1
421,1,1.914733,1
5372,0,-1.498446,0
5193,0,-1.057329,1
3995,1,0.087022,1
6016,0,-1.837352,0
2364,1,3.071441,1
5155,0,-0.588612,1
5208,0,-1.304197,0
426,1,0.897483,1
6492,0,1.02875,1
3703,1,1.910806,1
7363,0,-0.490805,1
1366,1,0.709397,1
6813,0,-3.734776,0
7356,0,-2.3127,0
7496,0,-1.231822,1
7530,0,-2.168893,0
5285,0,-2.771375,0
6363,0,-2.591665,0
4308,0,0.522752,1
6421,0,0.130919,1
2780,1,2.384719,1
2292,1,1.620319,1
4266,0,-0.927707,1
4408,0,-2.322359,0
7874,0,-2.622415,0
7139,0,-2.610671,0
3930,1,0.730588,1
3359,1,3.042122,1
5025,0,0.503843,1
2093,1,2.240186,1
7028,0,-1.833884,0
7484,0,-2.985752,0
6796,0,-2.239613,0
2902,1,-1.152506,1
6634,0,-2.216528,0
3998,1,2.239453,1
4553,0,-2.257773,0
2992,1,2.883793,1
3959,1,2.760766,1
2909,1,1.376256,1
7347,0,0.855058,1
5178,0,-3.023726,0
5497,0,1.509789,1
600,1,4.285872,1
4877,0,-0.18857,1
714,1,0.828763,1
4587,0,-2.389803,0
2753,1,2.43095,1
3010,1,1.70843,1
1017,1,0.36895,1
582,1,2.958748,1
7290,0,0.431771,1
3972,1,1.546466,1
5203,0,-1.204609,1
5084,0,-2.019337,0
6760,0,-0.98137,1
728,1,1.57506,1
7186,0,0.527059,1
359,1,-0.13833,1
437,1,1.053071,1
1558,1,1.941325,1
6555,0,-0.399836,1
843,1,1.448049,1
1761,1,1.647303,1
5934,0,-0.799849,1
1712,1,2.003388,1
6283,0,-2.389381,0
7847,0,-0.088218,1
4322,0,-2.031871,0
3349,1,1.805605,1
4765,0,-2.252,0
1525,1,2.572352,1
7803,0,-3.636795,0
5918,0,1.259737,1
519,1,2.401694,1
2585,1,2.091242,1
4323,0,-1.603295,0
7582,0,0.387225,1
1763,1,1.670033,1
5854,0,-0.904956,1
5708,0,0.659289,1
2568,1,-1.079431,1
1043,1,0.430756,1
3539,1,1.615187,1
4228,0,-1.065211,1
1570,1,2.125948,1
1417,1,2.968934,1
5109,0,-0.803026,1
5179,0,0.521906,1
779,1,-0.011023,1
6599,0,-2.050835,0
3918,1,1.514132,1
7565,0,-1.469761,0
894,1,-0.114978,1
882,1,1.62439,1
4910,0,-1.79126,0
3123,1,1.906153,1
5110,0,-0.574146,1
3693,1,-0.477288,1
5173,0,-0.12479,1
169,1,2.397823,1
4762,0,-2.478915,0
2888,1,1.352489,1
1670,1,0.595805,1
3545,1,2.720049,1
6673,0,-2.606008,0
191,1,2.228353,1
173,1,2.568404,1
5679,0,-1.529711,0
4094,0,-1.623909,0
4530,0,-2.477188,0
7449,0,-2.752477,0
834,1,-2.094196,0
7963,0,-1.215264,1
5249,0,-0.738781,1
2137,1,3.683802,1
1380,1,0.255612,1
1082,1,-1.543802,0
2955,1,1.622227,1
3785,1,4.144249,1
2415,1,2.373319,1
4381,0,-0.689374,1
37,1,1.983531,1
5782,0,-0.925155,1
2303,1,0.685898,1
4628,0,-2.533791,0
7370,0,-0.540661,1
7704,0,-1.018875,1
6054,0,2.454185,1
5585,0,-2.064871,0
3611,1,0.766242,1
6139,0,-1.073557,1
7457,0,-1.867096,0
6279,0,-1.149774,1
4672,0,-1.166717,1
6490,0,-0.842822,1
5783,0,-2.843433,0
636,1,0.950573,1
6070,0,-2.647487,0
5316,0,-2.987564,0
5883,0,-0.781968,1
5363,0,-2.007697,0
1460,1,3.340652,1
4882,0,-0.878378,1
7702,0,-0.197095,1
4021,0,-2.886444,0
2807,1,2.428083,1
5431,0,0.785766,1
3741,1,1.338063,1
3728,1,3.742845,1
1116,1,2.892197,1
1521,1,1.275652,1
5963,0,-0.44985,1
7607,0,-3.395011,0
7110,0,-1.827439,0
1411,1,0.422232,1
6336,0,-1.480418,0
739,1,1.554164,1
3499,1,1.137115,1
4459,0,0.829798,1
288,1,3.207977,1
6784,0,1.236005,1
7281,0,-0.901059,1
7438,0,-2.583152,0
7503,0,-3.210027,0
3758,1,0.321019,1
7173,0,-0.921231,1
7050,0,-2.869322,0
4940,0,-2.404837,0
2906,1,2.426982,1
1639,1,1.644691,1
7115,0,-0.542591,1
5687,0,-2.716521,0
1289,1,2.354011,1
6642,0,-1.647057,0
7885,0,-2.727718,0
1506,1,1.339461,1
5002,0,0.096695,1
2565,1,4.453472,1
1883,1,0.320056,1
6704,0,-2.085599,0
3173,1,2.074458,1
5906,0,-0.542525,1
1044,1,2.884326,1
2328,1,2.115953,1
7579,0,0.839463,1
1636,1,1.6751,1
6837,0,-0.27092,1
3954,1,2.067281,1
3581,1,0.85741,1
2694,1,1.183203,1
5330,0,-1.852696,0
5235,0,-1.732811,0
1263,1,0.587346,1
5668,0,-3.713488,0
2250,1,3.860272,1
7398,0,-3.274749,0
6954,0,0.720931,1
5303,0,-1.661799,0
1153,1,2.761256,1
2561,1,1.906522,1
1136,1,2.155609,1
7742,0,-2.075907,0
5871,0,-0.911546,1
2808,1,1.824292,1
7608,0,-0.152674,1
7835,0,-0.867575,1
2917,1,2.361095,1
4352,0,-1.929194,0
2358,1,1.711838,1
2260,1,4.018293,1
5200,0,-1.404096,0
3426,1,2.377409,1
3708,1,3.001733,1
7131,0,0.684858,1
4007,0,0.612917,1
483,1,1.733921,1
5445,0,-1.190262,1
3204,1,-2.286548,0
2324,1,2.381131,1
2825,1,1.784622,1
5438,0,-2.756883,0
4346,0,-2.62983,0
5292,0,-0.240877,1
3336,1,0.126671,1
3994,1,3.222315,1
4591,0,-0.7933,1
3474,1,0.375917,1
1704,1,3.200242,1
5256,0,-2.657668,0
2262,1,2.626284,1
1747,1,-0.338007,1
907,1,0.111584,1
4959,0,-1.995168,0
4522,0,-0.525066,1
4396,0,-1.075519,1
3394,1,2.89998,1
6737,0,0.380956,1
7145,0,-1.830467,0
2857,1,-0.636178,1
2984,1,1.373346,1
5417,0,-0.853172,1
2589,1,2.237841,1
3408,1,0.20971,1
2136,1,2.720698,1
3255,1,0.278998,1
5907,0,-3.384674,0
1528,1,1.330272,1
1507,1,1.263738,1
3272,1,0.380183,1
1775,1,-1.678859,0
2317,1,0.524233,1
1745,1,1.507841,1
7107,0,-0.614003,1
5690,0,-1.82757,0
7260,0,-0.383986,1
1912,1,0.494539,1
1327,1,3.04541,1
1423,1,1.853754,1
6320,0,-2.031752,0
5239,0,-2.249527,0
7019,0,-2.375714,0
2078,1,1.810644,1
3776,1,4.226525,1
1708,1,1.638157,1
623,1,2.645004,1
4378,0,-0.893823,1
2041,1,1.513438,1
5234,0,-1.020919,1
1199,1,4.034356,1
3566,1,-0.625317,1
4735,0,-1.883224,0
3504,1,1.420167,1
378,1,-0.666847,1
4344,0,-0.125041,1
3757,1,-0.155231,1
6349,0,-1.29638,0
6032,0,-1.265865,0
2557,1,1.544923,1
4374,0,-2.053828,0
1488,1,-0.655633,1
1318,1,2.268402,1
5095,0,-1.26152,0
6438,0,-0.633264,1
4651,0,-2.587446,0
265,1,2.894582,1
5395,0,-1.476807,0
4338,0,-1.155128,1
2477,1,0.410991,1
1337,1,0.804508,1
3057,1,2.151548,1
3055,1,2.216589,1
5406,0,-1.030364,1
5270,0,-0.798114,1
7971,0,3.261153,1
3559,1,0.602442,1
7388,0,-1.780736,0
1282,1,2.798028,1
3551,1,3.11289,1
7018,0,-1.453656,0
514,1,0.672597,1
4517,0,-0.430799,1
2170,1,1.89468,1
6887,0,-1.534408,0
4984,0,-2.58708,0
4053,0,0.659492,1
7601,0,-2.577811,0
4081,0,-0.094584,1
4961,0,-1.185259,1
2887,1,1.926455,1
4556,0,-1.747179,0
3787,1,0.37435,1
4851,0,-1.275514,0
5238,0,-1.76606,0
6106,0,-1.872279,0
2775,1,3.480089,1
1684,1,2.370649,1
3911,1,0.93198,1
6062,0,-2.243171,0
2006,1,3.155292,1
193,1,3.398941,1
1932,1,2.081696,1
4026,0,-2.874127,0
1074,1,0.410531,1
6260,0,-0.838545,1
4854,0,-2.123458,0
6892,0,-2.240604,0
6869,0,-1.84373,0
1939,1,4.137778,1
6651,0,-1.712122,0
369,1,3.835999,1
4663,0,-3.387859,0
6539,0,-2.588162,0
1779,1,3.462306,1
3478,1,1.551187,1
5209,0,-2.081647,0
662,1,0.071336,1
2674,1,0.109986,1
2379,1,3.447067,1
6024,0,-2.216297,0
6311,0,-2.574691,0
5049,0,-2.818162,0
1705,1,2.84396,1
5970,0,-1.932524,0
6862,0,-2.943807,0
1746,1,3.299982,1
3439,1,0.164042,1
5701,0,-2.574453,0
3858,1,1.507009,1
456,1,1.234122,1
2660,1,1.692231,1
6389,0,-2.379096,0
4838,0,-3.150498,0
3647,1,-0.897391,1
6995,0,-2.75119,0
3979,1,0.178374,1
5511,0,-1.055547,1
7553,0,-2.715467,0
7787,0,-1.429206,0
5748,0,-2.278944,0
6097,0,-2.474551,0
4096,0,-1.252828,0
5259,0,-0.004601,1
6109,0,-2.230346,0
2697,1,2.175591,1
1806,1,4.392814,1
6619,0,-1.124963,1
6597,0,0.09572,1
4226,0,-1.937369,0
3769,1,1.383393,1
2150,1,0.420406,1
6580,0,-0.592576,1
4724,0,-0.442652,1
3561,1,0.805385,1
4551,0,-1.137592,1
4090,0,-3.113662,0
905,1,4.039296,1
2961,1,3.340843,1
3155,1,1.490056,1
2952,1,2.534584,1
653,1,-0.057316,1
1115,1,1.251057,1
3718,1,-0.151036,1
4223,0,0.365947,1
7085,0,-2.766522,0
4915,0,-1.458032,0
694,1,1.398976,1
7306,0,-1.644606,0
3914,1,-0.310905,1
7336,0,-2.417994,0
3751,1,-0.487178,1
3617,1,2.822473,1
2564,1,-1.002514,1
1104,1,3.373734,1
4326,0,-2.747959,0
7361,0,-0.211522,1
6148,0,-0.905722,1
7314,0,-0.737258,1
6890,0,-0.941216,1
589,1,-0.850055,1
7291,0,-2.790484,0
7253,0,-1.825383,0
1614,1,0.596333,1
1967,1,3.499245,1
4161,0,-2.924274,0
2089,1,0.891397,1
1185,1,1.883621,1
3338,1,-0.908626,1
1947,1,1.750452,1
1332,1,2.622371,1
7279,0,-1.384026,0
343,1,1.035064,1
3099,1,-1.668908,0
3668,1,3.156241,1
3553,1,-0.33097,1
7807,0,-2.47662,0
7701,0,-3.235516,0
168,1,2.170154,1
7775,0,-2.223814,0
6093,0,-2.957756,0
3882,1,2.168652,1
502,1,-1.632997,0
762,1,2.466078,1
2581,1,0.146542,1
3619,1,1.565216,1
3834,1,0.411307,1
3550,1,2.874026,1
6626,0,-0.694103,1
4244,0,-1.383129,0
6006,0,-1.77377,0
1633,1,1.337232,1
1630,1,0.661196,1
7410,0,-0.928294,1
3916,1,2.229345,1
4056,0,0.527616,1
3292,1,4.683625,1
5334,0,1.770313,1
4797,0,-0.668992,1
5170,0,2.169702,1
3952,1,1.152526,1
3258,1,0.106288,1
326,1,2.114597,1
1510,1,0.983374,1
1518,1,-0.561719,1
3006,1,2.476665,1
6526,0,-2.339912,0
2296,1,1.830015,1
6831,0,0.789239,1
3234,1,1.637417,1
4078,0,-0.943408,1
848,1,3.525188,1
5756,0,-1.331073,0
457,1,-0.525683,1
2140,1,3.234226,1
7155,0,-0.668997,1
1092,1,2.714103,1
4611,0,-2.221325,0
6186,0,1.867495,1
4777,0,-3.294876,0
5101,0,-0.179466,1
5581,0,-3.238103,0
3130,1,2.321755,1
4541,0,-1.043331,1
2657,1,1.881472,1
396,1,1.215941,1
1118,1,2.691707,1
3227,1,2.530352,1
373,1,0.565027,1
2085,1,1.811778,1
4014,0,0.439999,1
782,1,0.108809,1
5104,0,-1.410123,0
5600,0,0.705885,1
6237,0,2.198371,1
6076,0,1.54054,1
347,1,1.917011,1
5288,0,-3.799997,0
4493,0,-1.919808,0
2153,1,0.796794,1
1650,1,2.495022,1
1785,1,1.854406,1
4920,0,-1.86525,0
6118,0,-1.811808,0
735,1,5.061187,1
1382,1,1.069916,1
3138,1,1.776869,1
7571,0,-1.663933,0
2922,1,1.789127,1
2086,1,2.07738,1
6668,0,-1.693477,0
7316,0,0.634997,1
2353,1,2.094643,1
872,1,3.946289,1
5477,0,-1.113894,1
4419,0,-2.196097,0
2448,1,1.475843,1
4863,0,-2.726922,0
969,1,1.135507,1
585,1,0.574533,1
6529,0,-1.944504,0
7875,0,-2.322597,0
2029,1,1.450517,1
7154,0,3.588431,1
2968,1,1.200452,1
7184,0,0.117686,1
6663,0,2.300195,1
2016,1,1.104276,1
650,1,-0.008654,1
5743,0,-1.443312,0
3627,1,0.105993,1
5525,0,-1.140349,1
2447,1,0.313219,1
7564,0,-2.488432,0
1080,1,4.556896,1
5836,0,-0.891702,1
1937,1,0.399072,1
5698,0,-0.944347,1
1191,1,1.714482,1
817,1,1.665892,1
5699,0,-1.727516,0
4659,0,-1.522171,0
3634,1,0.098974,1
7612,0,-2.260914,0
5772,0,-1.352853,0
1603,1,2.67671,1
6297,0,-2.214051,0
6527,0,-2.070759,0
1439,1,0.382637,1
7824,0,-2.561734,0
5341,0,-1.205719,1
5248,0,-1.785494,0
4978,0,0.051212,1
4972,0,-0.088911,1
6853,0,1.533373,1
2578,1,2.055203,1
6558,0,-0.965498,1
6236,0,-0.312624,1
2032,1,2.101592,1
7839,0,-0.138742,1
574,1,2.673872,1
520,1,1.958072,1
1871,1,1.175267,1
647,1,1.591367,1
5549,0,-1.307873,0
6147,0,-1.261838,0
6730,0,-0.596268,1
5548,0,-2.32074,0
7532,0,0.155989,1
239,1,2.354157,1
6749,0,-1.691463,0
1069,1,2.958953,1
1451,1,0.929535,1
5626,0,-0.098935,1
1206,1,2.709608,1
6686,0,1.054189,1
5897,0,-2.933351,0
579,1,1.578283,1
3032,1,0.182493,1
4087,0,-1.244666,0
6806,0,-0.372985,1
1430,1,2.619837,1
289,1,3.102295,1
2426,1,-0.724548,1
3899,1,1.489936,1
2007,1,1.947823,1
4736,0,-2.352701,0
7394,0,-0.830603,1
3748,1,2.313403,1
6108,0,-1.877933,0
3572,1,1.227399,1
7893,0,1.836919,1
1492,1,2.147207,1
5829,0,-1.717477,0
7086,0,-3.50355,0
6301,0,-1.764248,0
3183,1,1.182991,1
4273,0,-1.889938,0
6912,0,-1.64323,0
7911,0,-2.552643,0
7697,0,-2.534207,0
6735,0,-2.837113,0
6838,0,-2.084614,0
4069,0,-2.031722,0
2541,1,3.357239,1
6913,0,-1.71729,0
2609,1,2.021438,1
5847,0,-2.95057,0
2544,1,2.241261,1
7025,0,0.286477,1
2653,1,2.500385,1
4085,0,-1.87689,0
3354,1,1.93663,1
5347,0,-2.4141,0
5629,0,-2.576394,0
2680,1,1.695149,1
818,1,2.224536,1
6972,0,-3.003127,0
7986,0,-1.388219,0
4311,0,-1.375726,0
1342,1,2.151347,1
471,1,1.587253,1
1539,1,3.28014,1
3007,1,1.091761,1
5812,0,-1.145626,1
6353,0,-0.1335,1
2570,1,1.744221,1
3480,1,3.477159,1
6418,0,-1.765791,0
1678,1,3.143188,1
7523,0,-2.402293,0
1226,1,2.35806,1
7905,0,-1.093165,1
1844,1,3.281377,1
6840,0,-1.017284,1
4131,0,-0.576691,1
7676,0,-0.875059,1
6708,0,-1.588838,0
3011,1,1.062363,1
3978,1,2.790094,1
6183,0,-2.664896,0
5662,0,-1.915979,0
4255,0,-3.266941,0
3125,1,1.977774,1
3093,1,1.623805,1
4380,0,-2.558055,0
7075,0,-2.825049,0
4712,0,-1.713408,0
319,1,0.598909,1
2117,1,0.005796,1
7492,0,-2.351486,0
4844,0,-0.613826,1
7527,0,-2.169391,0
2879,1,1.879457,1
7922,0,0.501675,1
7332,0,-1.961051,0
5833,0,-3.337458,0
7666,0,0.102947,1
1360,1,1.820168,1
4271,0,-2.191254,0
5006,0,-3.706778,0
4734,0,0.353307,1
5175,0,-2.291817,0
7720,0,-1.819461,0
1452,1,0.544015,1
7852,0,-1.836262,0
6173,0,-1.554637,0
6860,0,-2.625487,0
4794,0,-4.163396,0
2169,1,2.301546,1
267,1,3.261054,1
3815,1,1.133296,1
1085,1,0.656882,1
2318,1,3.220299,1
2094,1,1.059436,1
6271,0,-1.883172,0
4191,0,-1.921789,0
1481,1,2.077337,1
4074,0,0.267161,1
6028,0,-0.311974,1
7419,0,0.461657,1
2611,1,4.31512,1
7873,0,-1.665457,0
4238,0,-0.961983,1
4482,0,-1.645172,0
6677,0,-1.198089,1
475,1,1.237871,1
6688,0,-2.948497,0
911,1,3.443473,1
3432,1,0.822637,1
5623,0,-0.739018,1
5722,0,-0.444392,1
1894,1,2.935946,1
1853,1,2.473217,1
7197,0,-1.017099,1
2641,1,2.314047,1
3557,1,0.883224,1
2601,1,2.442382,1
7300,0,-2.578699,0
6111,0,-1.038698,1
7867,0,-2.494932,0
1257,1,3.436042,1
428,1,0.784909,1
5492,0,-1.4996,0
896,1,0.973905,1
300,1,1.404949,1
1893,1,-2.795651,0
2321,1,1.761109,1
5637,0,-2.843702,0
4497,0,1.428775,1
1305,1,2.371957,1
1859,1,3.307473,1
2548,1,1.962107,1
3939,1,1.649447,1
5335,0,-1.99025,0
4691,0,-0.16848,1
2074,1,3.81986,1
1996,1,1.812724,1
1229,1,1.736894,1
17,1,2.177998,1
481,1,2.438562,1
4424,0,-1.971962,0
4593,0,-1.719532,0
5367,0,-2.457819,0
55,1,2.331897,1
6773,0,0.290474,1
3199,1,3.66392,1
4895,0,-0.401443,1
5495,0,-0.273134,1
5105,0,-2.078733,0
1138,1,3.185657,1
6038,0,0.081608,1
2745,1,2.149376,1
3544,1,1.387642,1
4299,0,-3.007873,0
526,1,2.168131,1
3498,1,-2.41508,0
1791,1,1.788523,1
4220,0,-2.070998,0
864,1,1.272628,1
6214,0,-3.247201,0
6326,0,-1.420441,0
7357,0,-2.111641,0
5593,0,-1.377316,0
4070,0,-2.214709,0
1450,1,0.227957,1
4464,0,-2.77228,0
6698,0,-0.638624,1
6277,0,-2.693495,0
1781,1,2.24336,1
3588,1,-1.867539,0
4206,0,-0.817182,1
212,1,3.896326,1
7355,0,-2.432951,0
5418,0,-1.347704,0
4231,0,-0.653097,1
2246,1,2.000359,1
7707,0,-2.694409,0
7698,0,-2.206012,0
56,1,0.789866,1
6188,0,0.346589,1
5061,0,-1.725271,0
2040,1,1.240571,1
7627,0,-1.483763,0
6893,0,-1.442473,0
3154,1,0.361964,1
1096,1,2.508321,1
1548,1,3.627688,1
1698,1,2.875144,1
4716,0,-3.536587,0
3621,1,1.35325,1
3648,1,-2.432954,0
518,1,2.126265,1
4769,0,-1.504628,0
5483,0,-2.268772,0
3535,1,1.567282,1
619,1,1.40663,1
2122,1,0.829305,1
3548,1,2.601624,1
4130,0,-1.890726,0
3162,1,-0.21129,1
4124,0,-1.64005,0
3591,1,1.77031,1
1378,1,-1.80672,0
7590,0,0.30062,1
5194,0,-1.534364,0
2004,1,-0.663356,1
1013,1,2.053094,1
6131,0,-0.944901,1
2209,1,3.84416,1
2387,1,1.209553,1
4207,0,-0.932718,1
6379,0,-1.711681,0
2839,1,1.734101,1
3306,1,1.527082,1
4755,0,-2.029634,0
2372,1,3.999786,1
5379,0,-2.445004,0
5967,0,-1.273063,0
3230,1,1.111223,1
3881,1,1.749255,1
1974,1,2.556274,1
1070,1,1.623802,1
189,1,2.424499,1
1592,1,1.58074,1
917,1,0.638806,1
839,1,0.132752,1
2693,1,2.253221,1
5733,0,-2.707244,0
4407,0,-0.736336,1
5734,0,-0.949784,1
6343,0,-2.722346,0
491,1,-1.088134,1
442,1,0.159164,1
3086,1,1.692211,1
107,1,4.798831,1
3449,1,-1.062135,1
4828,0,-0.747279,1
3786,1,1.957414,1
4245,0,1.104913,1
7557,0,-0.414822,1
3111,1,-2.245412,0
4842,0,-2.486596,0
6445,0,-2.007255,0
6257,0,-2.19323,0
1777,1,1.530524,1
1063,1,0.878295,1
709,1,2.248111,1
588,1,3.385315,1
5502,0,-1.553461,0
755,1,0.955241,1
4839,0,-2.264786,0
7013,0,-1.250215,0
794,1,0.998544,1
846,1,0.141125,1
5843,0,-1.596715,0
7121,0,-0.615525,1
2528,1,0.551591,1
4382,0,-2.713196,0
4236,0,-1.23284,1
4780,0,-2.672992,0
3299,1,3.118295,1
2795,1,1.63477,1
7830,0,-3.262661,0
5361,0,-4.102906,0
5488,0,-2.00072,0
7127,0,-0.429774,1
832,1,2.977203,1
1881,1,2.42665,1
533,1,1.075099,1
1424,1,2.067793,1
7191,0,0.022779,1
4586,0,-0.525181,1
5093,0,-0.788179,1
3481,1,0.407401,1
185,1,2.366237,1
2108,1,2.140963,1
3717,1,1.492298,1
6302,0,1.788266,1
4045,0,-1.185231,1
6444,0,-0.794201,1
534,1,-0.325973,1
1261,1,2.61213,1
4538,0,-2.633507,0
3409,1,3.124801,1
5817,0,-3.143381,0
6487,0,-3.023091,0
5258,0,-1.970728,0
813,1,0.154712,1
2776,1,1.858247,1
4282,0,-1.015434,1
4813,0,1.542675,1
918,1,1.895438,1
1814,1,4.099422,1
4982,0,-0.850684,1
3127,1,0.964088,1
7613,0,-2.397189,0
1674,1,-0.678005,1
677,1,3.199052,1
3877,1,1.779986,1
5867,0,-1.395221,0
4752,0,-2.461896,0
2087,1,1.963741,1
5730,0,-0.881675,1
1143,1,2.682386,1
1735,1,1.263691,1
4546,0,-1.391379,0
477,1,-1.374605,0
4748,0,-2.856521,0
1362,1,3.73393,1
858,1,-1.21569,1
3894,1,1.259052,1
4317,0,-2.105962,0
3014,1,-0.351082,1
423,1,-0.240584,1
1953,1,1.247962,1
6543,0,-2.664977,0
7311,0,0.62878,1
4504,0,-0.878688,1
5352,0,-0.065259,1
7637,0,-2.416788,0
7051,0,-0.748105,1
5684,0,0.433443,1
3740,1,-0.287932,1
3802,1,-0.061245,1
5635,0,-0.507744,1
7225,0,-1.814994,0
2514,1,2.578973,1
7454,0,-1.682759,0
2599,1,2.514903,1
7568,0,0.71246,1
5840,0,0.409254,1
237,1,1.268226,1
3246,1,2.64006,1
5032,0,-2.822172,0
5912,0,-1.393009,0
5355,0,-1.635771,0
2749,1,0.328667,1
7217,0,0.142837,1
6830,0,-1.860639,0
6839,0,1.529159,1
5705,0,-1.500442,0
1422,1,2.479427,1
7592,0,-1.74152,0
5337,0,-1.699783,0
5444,0,-1.192785,1
2900,1,3.113811,1
4623,0,-0.286544,1
1899,1,1.775779,1
3666,1,0.632241,1
2976,1,0.988906,1
2276,1,2.032328,1
7667,0,-1.346207,0
6603,0,-1.769555,0
3863,1,0.186397,1
1560,1,3.910673,1
4766,0,-1.931411,0
7317,0,-1.380996,0
34,1,4.141512,1
4516,0,-1.529003,0
7307,0,-1.554577,0
5099,0,-1.475733,0
6296,0,0.654844,1
345,1,0.849757,1
5983,0,-0.317292,1
5504,0,-1.476552,0
1986,1,1.576007,1
2053,1,0.520297,1
3263,1,-0.434244,1
734,1,4.570747,1
7764,0,-2.554519,0
1527,1,0.171945,1
119,1,2.741419,1
1778,1,1.435531,1
2847,1,1.907671,1
2752,1,0.706362,1
5514,0,-2.417181,0
3709,1,3.639209,1
3792,1,0.08098,1
1744,1,2.089737,1
6447,0,-1.445862,0
6891,0,-0.030603,1
1453,1,2.451052,1
6803,0,-0.462104,1
3988,1,-0.802358,1
1635,1,1.076963,1
6531,0,-1.872623,0
3308,1,1.024904,1
6137,0,-0.469125,1
485,1,0.273406,1
2229,1,2.163383,1
5696,0,-2.954242,0
753,1,-0.624623,1
4583,0,-2.081515,0
3643,1,-2.063337,0
6270,0,0.649451,1
7562,0,-1.921068,0
5140,0,-0.432393,1
2479,1,1.075627,1
7421,0,-3.573674,0
4670,0,-0.966754,1
7242,0,-1.947659,0
7616,0,-0.895898,1
3003,1,1.781589,1
5429,0,-1.286098,0
7723,0,-1.815185,0
4887,0,-1.190236,1
602,1,0.610413,1
2243,1,1.055301,1
82,1,3.229786,1
2142,1,1.745676,1
4446,0,-1.391657,0
5826,0,-1.353289,0
3780,1,1.843764,1
1663,1,2.882583,1
3493,1,0.418505,1
4212,0,-1.668499,0
1564,1,-0.006425,1
272,1,2.330371,1
3525,1,3.329344,1
2214,1,1.494227,1
6815,0,-1.491474,0
4082,0,-2.777424,0
2471,1,1.057962,1
3826,1,0.105331,1
4443,0,-2.82426,0
3652,1,2.458086,1
1011,1,-0.314129,1
5087,0,-3.126952,0
2633,1,1.945066,1
530,1,-0.718778,1
7350,0,1.698952,1
7902,0,-2.064125,0
4754,0,-0.474461,1
2442,1,-2.228089,0
963,1,-1.07661,1
5451,0,-2.017782,0
7593,0,-2.467514,0
6124,0,-0.369258,1
5215,0,-0.159682,1
7880,0,-2.219623,0
5018,0,-1.226708,1
1389,1,1.378548,1
2395,1,-2.243646,0
2069,1,-1.149603,1
6974,0,-0.699454,1
6587,0,-1.973373,0
254,1,0.226524,1
6980,0,2.070138,1
7359,0,-2.89423,0
6217,0,-3.429673,0
69,1,4.587905,1
5024,0,-0.105949,1
3049,1,2.272556,1
28,1,4.211676,1
4395,0,0.579923,1
6069,0,-2.149071,0
6205,0,-3.010333,0
301,1,3.425909,1
3590,1,1.304602,1
4194,0,-0.556763,1
2645,1,3.239317,1
1186,1,1.434173,1
7808,0,-1.03997,1
1095,1,1.727272,1
2190,1,2.881778,1
5380,0,0.803622,1
7993,0,-1.966377,0
952,1,0.916812,1
3924,1,-0.473502,1
6959,0,-1.932006,0
3754,1,2.158355,1
5130,0,-1.306647,0
4432,0,-1.673764,0
6759,0,-0.11739,1
1160,1,0.914205,1
2083,1,1.437464,1
3576,1,0.379095,1
432,1,-0.4819,1
1291,1,3.309675,1
3171,1,2.548081,1
2511,1,1.815384,1
1371,1,3.370361,1
6515,0,0.101938,1
6318,0,-1.512082,0
3971,1,1.797927,1
5216,0,-2.291196,0
4227,0,-1.683167,0
4750,0,-0.160834,1
130,1,5.035768,1
4814,0,0.858986,1
7352,0,-0.034387,1
6246,0,-2.300658,0
5253,0,1.023817,1
2186,1,1.985297,1
1895,1,0.598793,1
826,1,3.423111,1
6574,0,0.122633,1
3224,1,3.129056,1
7436,0,-1.546422,0
2474,1,-1.566965,0
6962,0,-2.021646,0
1918,1,-0.016523,1
4967,0,-2.768188,0
5122,0,0.187801,1
7851,0,-0.27238,1
7659,0,-1.652469,0
7081,0,-3.176316,0
2266,1,3.610158,1
4189,0,-1.653946,0
7941,0,-2.758939,0
1135,1,3.635948,1
4063,0,-1.680346,0
2308,1,1.529636,1
6249,0,-1.54213,0
7445,0,-1.755217,0
7159,0,-1.775286,0
7289,0,-2.657773,0
5279,0,-1.435877,0
1042,1,3.35873,1
4575,0,1.77263,1
424,1,1.556271,1
2232,1,3.587443,1
5244,0,-3.411834,0
5063,0,1.544909,1
3262,1,-0.562457,1
5333,0,-2.171302,0
2579,1,-0.19369,1
6138,0,-1.323332,0
5323,0,0.970354,1
1555,1,3.933096,1
26,1,3.886232,1
6846,0,0.792826,1
3257,1,3.202084,1
6921,0,-2.412579,0
5119,0,-1.605874,0
5308,0,-4.056139,0
